wavelength,lu,lu_std,ld,ld_std,ed,ed_std,lw,lw_std,rhow,rhow_std,rhow_nosc,rhow_nosc_std,cycle_id,platform_id,azimuth,timestamp,solar_zenith_angle
355.0,1.0776557006726166,0.031042101301614965,19.88888669648192,0.10570876039512418,100.94164407729954,1.036278415473552,0.5557514248702344,0.031042101301614965,0.013580708267590119,0.0006906940797918664,0.017296573773430624,0.0009661189719325673,RTBE-P-JAGUAR_023369_20240526_180004,OOSTENDE_RT1,135,2024-05-26T18:01:49,75.9
357.5,1.0864467886121008,0.031440860782247074,19.848531248880896,0.1041984438465369,102.16519145852713,1.0339453416239401,0.5656014801102173,0.03144086078224708,0.01367645206736231,0.0006908589430626613,0.017392317573202812,0.0009668104747412258,RTBE-P-JAGUAR_023369_20240526_180004,OOSTENDE_RT1,135,2024-05-26T18:01:49,75.9
360.0,1.117125376742365,0.032582857087162784,20.19344950490515,0.10399421532377265,105.08135542221811,1.0363856013462092,0.587229068284149,0.032582857087162784,0.013840384311106515,0.0006981352631783903,0.01755624981694702,0.0009741220414097698,RTBE-P-JAGUAR_023369_20240526_180004,OOSTENDE_RT1,135,2024-05-26T18:01:49,75.9
362.5,1.1950681799463536,0.03510770538771071,21.373420067423577,0.10974208630365152,113.82722501253217,1.1472775786707485,0.6342082639570917,0.03510770538771071,0.013788066639339819,0.0006949225659596465,0.017503932145180326,0.0009689607149632577,RTBE-P-JAGUAR_023369_20240526_180004,OOSTENDE_RT1,135,2024-05-26T18:01:49,75.9
365.0,1.284460078063612,0.038080372477569395,22.73426452845875,0.11244772698645569,122.27395191506334,1.223460804662614,0.687890242572326,0.038080372477569395,0.013958143542648349,0.000704768832159535,0.01767400904848885,0.000978401503736438,RTBE-P-JAGUAR_023369_20240526_180004,OOSTENDE_RT1,135,2024-05-26T18:01:49,75.9
367.5,1.3400071381992356,0.0398642871362,23.49030106411969,0.1141390302068811,128.47027088064718,1.267931699293566,0.7235981479756707,0.0398642871362,0.013978894614525915,0.000703189963103446,0.01769476012036642,0.0009748352731662669,RTBE-P-JAGUAR_023369_20240526_180004,OOSTENDE_RT1,135,2024-05-26T18:01:49,75.9
370.0,1.359837511004637,0.04047873151845802,23.609833263496977,0.11425279795983587,130.57372143975823,1.2833792836726157,0.7402918763372128,0.04047873151845802,0.014095494196319619,0.0007043295129555478,0.017811359702160127,0.0009739148441418328,RTBE-P-JAGUAR_023369_20240526_180004,OOSTENDE_RT1,135,2024-05-26T18:01:49,75.9
372.5,1.3454886709700924,0.04014304649553522,23.119925923468127,0.1114061725056442,130.5155050363694,1.3019938190829594,0.738798694812365,0.04014304649553522,0.014067497102743687,0.0006979571351432488,0.017783362608584194,0.0009662691028774266,RTBE-P-JAGUAR_023369_20240526_180004,OOSTENDE_RT1,135,2024-05-26T18:01:49,75.9
375.0,1.3517103945665205,0.04036876206676946,22.997823901882004,0.10619173765219037,131.98441772760688,1.3068288861103046,0.7482244975572346,0.04036876206676946,0.014093938297006819,0.0006925218206012354,0.01780980380284733,0.0009608877208915408,RTBE-P-JAGUAR_023369_20240526_180004,OOSTENDE_RT1,135,2024-05-26T18:01:49,75.9
377.5,1.3499797902671127,0.040430394818435286,22.74947426554965,0.10259823522101975,133.03820368694156,1.3029157941315233,0.7530108360648246,0.040430394818435286,0.01406589375649507,0.0006869479739974203,0.017781759262335575,0.0009547320079743261,RTBE-P-JAGUAR_023369_20240526_180004,OOSTENDE_RT1,135,2024-05-26T18:01:49,75.9
380.0,1.3307485012940783,0.039960612611066544,22.208187295685097,0.09910064779072797,131.7331901966351,1.295977923052017,0.7479834584680056,0.039960612611066544,0.014122154924866378,0.0006858775379597492,0.017838020430706886,0.0009529866150245327,RTBE-P-JAGUAR_023369_20240526_180004,OOSTENDE_RT1,135,2024-05-26T18:01:49,75.9
382.5,1.2789960544561674,0.038298911812022045,21.11174522367572,0.09182442406328027,128.0393921189067,1.2639132079964457,0.7250027480416927,0.038298911812022045,0.014072904570207573,0.0006734137430070444,0.01778877007604808,0.0009397075228020001,RTBE-P-JAGUAR_023369_20240526_180004,OOSTENDE_RT1,135,2024-05-26T18:01:49,75.9
385.0,1.277688181731133,0.038124718245766354,20.82902475539917,0.08980060843628748,129.0214572049693,1.265324945337309,0.7311137431247033,0.038124718245766354,0.014086301777778108,0.0006642986100066304,0.017802167283618612,0.0009283133004055638,RTBE-P-JAGUAR_023369_20240526_180004,OOSTENDE_RT1,135,2024-05-26T18:01:49,75.9
387.5,1.3063278452277267,0.03897483821999178,21.050459223621292,0.09075405920845475,132.8472769896168,1.2945965249931133,0.7539427447406802,0.03897483821999178,0.014113487430688043,0.0006587356634798777,0.017829352936528545,0.0009216829144066446,RTBE-P-JAGUAR_023369_20240526_180004,OOSTENDE_RT1,135,2024-05-26T18:01:49,75.9
390.0,1.3484778802773514,0.04019103048125254,21.50324243032273,0.09268677661329036,137.54632977800006,1.3465604927678363,0.7842112956632526,0.04019103048125254,0.014195717080871752,0.000654861398542963,0.017911582586712257,0.0009179732116727244,RTBE-P-JAGUAR_023369_20240526_180004,OOSTENDE_RT1,135,2024-05-26T18:01:49,75.9
392.5,1.3725624134622882,0.0404069419215982,21.655269957954946,0.09115184061777991,141.97378768630244,1.3589177598982296,0.8043064744955924,0.0404069419215982,0.014081809351529268,0.0006316654499335385,0.017797674857369775,0.0008941238658463267,RTBE-P-JAGUAR_023369_20240526_180004,OOSTENDE_RT1,135,2024-05-26T18:01:49,75.9
395.0,1.4783764926444969,0.04366520758010183,23.062106140900244,0.09344294024679353,154.45393375238766,1.4839466563324872,0.8732037654011339,0.04366520758010183,0.01404509705319008,0.0006280222307893127,0.017760962559030584,0.000888150220706183,RTBE-P-JAGUAR_023369_20240526_180004,OOSTENDE_RT1,135,2024-05-26T18:01:49,75.9
397.5,1.6601161199680377,0.04914701772865666,25.640044705190917,0.10111552733014997,174.2032789924149,1.6829885372936315,0.9872957068591227,0.04914701772865665,0.014089086028535687,0.0006281201203422256,0.017804951534376192,0.0008863203421614002,RTBE-P-JAGUAR_023369_20240526_180004,OOSTENDE_RT1,135,2024-05-26T18:01:49,75.9
400.0,1.8808286946067696,0.05572812423099254,28.817043743068268,0.1121224701484987,200.36582618253215,1.9094093357157984,1.1246406497449153,0.05572812423099257,0.013917694420433481,0.0006173547408521489,0.01763355992627398,0.0008737770757520954,RTBE-P-JAGUAR_023369_20240526_180004,OOSTENDE_RT1,135,2024-05-26T18:01:49,75.9
402.5,2.048627856754934,0.060867684408358685,31.168148431785117,0.12019203871409567,218.47185314948237,2.0645664099609085,1.2307444737564603,0.06086768440835868,0.013982056407029451,0.0006177711623629068,0.01769792191286996,0.0008752682206960746,RTBE-P-JAGUAR_023369_20240526_180004,OOSTENDE_RT1,135,2024-05-26T18:01:49,75.9
405.0,2.1132453132022793,0.06286338391362517,31.90501558005359,0.12275723080400028,229.62257594346428,2.1442541328222937,1.2760257993660928,0.06286338391362521,0.01374214471205097,0.0006033969739419685,0.017458010217891475,0.0008600685027218945,RTBE-P-JAGUAR_023369_20240526_180004,OOSTENDE_RT1,135,2024-05-26T18:01:49,75.9
407.5,2.150781930031302,0.06384126454293214,32.21166746311892,0.12205995065756142,236.57929079519673,2.1932057051230784,1.3055155641315985,0.06384126454293214,0.013620386080835713,0.0005918612274802848,0.017336251586676222,0.0008477633313119656,RTBE-P-JAGUAR_023369_20240526_180004,OOSTENDE_RT1,135,2024-05-26T18:01:49,75.9
410.0,2.1780542303420276,0.06437484245806224,32.34756655369558,0.11931750279015611,242.83809348597296,2.2705377891601075,1.3292217364065022,0.06437484245806224,0.013480255506894035,0.0005778888968764925,0.01719612101273454,0.0008328163396404296,RTBE-P-JAGUAR_023369_20240526_180004,OOSTENDE_RT1,135,2024-05-26T18:01:49,75.9
412.5,2.2071696011661888,0.06511146844874623,32.494062538268956,0.11766219199170098,248.61257950781126,2.3162738821386277,1.354492906099473,0.06511146844874623,0.013400182972341574,0.0005679662885728359,0.01711604847818208,0.0008227810167449624,RTBE-P-JAGUAR_023369_20240526_180004,OOSTENDE_RT1,135,2024-05-26T18:01:49,75.9
415.0,2.2181183567152023,0.06543534490837657,32.353484808258706,0.1153495844945271,252.70123693385221,2.3351512934133836,1.3691305618616854,0.06543534490837657,0.013305224565340444,0.0005610037539297492,0.017021090071180953,0.0008134950241778239,RTBE-P-JAGUAR_023369_20240526_180004,OOSTENDE_RT1,135,2024-05-26T18:01:49,75.9
417.5,2.2144038364831946,0.06506906319750758,31.97924298462702,0.11185102622028426,255.0516923017583,2.3412683664090728,1.3752365213235969,0.06506906319750758,0.013223574939929907,0.000551115120199008,0.016939440445770414,0.0008014865107242832,RTBE-P-JAGUAR_023369_20240526_180004,OOSTENDE_RT1,135,2024-05-26T18:01:49,75.9
420.0,2.19715225111406,0.06411503532146687,31.39596806491161,0.1074956260926177,255.56972595150728,2.355381498068081,1.3732906531227145,0.06411503532146687,0.013165319505534678,0.0005392195961393352,0.016881185011375185,0.0007881345225873484,RTBE-P-JAGUAR_023369_20240526_180004,OOSTENDE_RT1,135,2024-05-26T18:01:49,75.9
422.5,2.1673998809373445,0.06306476371352393,30.644651536230565,0.10421323333473913,253.6767227908224,2.3254178251315074,1.363253579975118,0.06306476371352393,0.01316698990443429,0.0005325048664293533,0.016882855410274802,0.0007810089794724783,RTBE-P-JAGUAR_023369_20240526_180004,OOSTENDE_RT1,135,2024-05-26T18:01:49,75.9
425.0,2.111608098399745,0.061093755382575846,29.548135690037938,0.09845526773082681,249.94013997209876,2.2863349583529584,1.3362354697574599,0.06109375538257585,0.013079786187900089,0.0005207246978899223,0.016795651693740594,0.0007679106409700252,RTBE-P-JAGUAR_023369_20240526_180004,OOSTENDE_RT1,135,2024-05-26T18:01:49,75.9
427.5,2.0641858805951157,0.059478402642475066,28.583193483993245,0.09438048354212347,246.39672296474154,2.2539708032919976,1.3141343003816486,0.0594784026424751,0.013039530484146421,0.000512551462856451,0.01675539598998693,0.0007583579462442533,RTBE-P-JAGUAR_023369_20240526_180004,OOSTENDE_RT1,135,2024-05-26T18:01:49,75.9
430.0,2.0422460591084213,0.05870451476910904,27.985371517792952,0.09179741841045932,246.6559635720963,2.2531287921602154,1.307881925110016,0.05870451476910904,0.012942285337885238,0.0005036709748758528,0.016658150843725746,0.0007477040881571053,RTBE-P-JAGUAR_023369_20240526_180004,OOSTENDE_RT1,135,2024-05-26T18:01:49,75.9
432.5,2.08313396777714,0.05960792714670572,28.26616826740977,0.08589816008292528,254.64477857538895,2.3073938930659526,1.3414014462720407,0.05960792714670572,0.012833214953216888,0.0004928333299698346,0.016549080459057394,0.0007353923652684116,RTBE-P-JAGUAR_023369_20240526_180004,OOSTENDE_RT1,135,2024-05-26T18:01:49,75.9
435.0,2.154049749817999,0.061339675484367216,28.945356742060827,0.08632112637921738,265.08932388623197,2.385132455229389,1.3944946435495806,0.061339675484367216,0.012810390864732301,0.0004852149224870809,0.016526256370572808,0.0007269409082576732,RTBE-P-JAGUAR_023369_20240526_180004,OOSTENDE_RT1,135,2024-05-26T18:01:49,75.9
437.5,2.228813027384659,0.06316813310094639,29.63863539933551,0.08787870965261729,276.61186110530406,2.4742055348204643,1.4510655958706964,0.06316813310094639,0.012764472675062115,0.00047715405229195357,0.016480338180902623,0.0007174260065997945,RTBE-P-JAGUAR_023369_20240526_180004,OOSTENDE_RT1,135,2024-05-26T18:01:49,75.9
440.0,2.3013326215145207,0.06488083301952101,30.252893408225543,0.08914520288724304,287.4563882609652,2.5571957360933424,1.5074664455892743,0.06488083301952101,0.012759139762426408,0.00047053421902413655,0.01647500526826692,0.000709078513112982,RTBE-P-JAGUAR_023369_20240526_180004,OOSTENDE_RT1,135,2024-05-26T18:01:49,75.9
442.5,2.3746817301448773,0.06632808426901743,30.817180821754224,0.08972840027951581,298.3096933422234,2.637532682390242,1.5660080882012246,0.06632808426901743,0.01277625531743819,0.00046139092697772304,0.016492120823278698,0.0006985217943527546,RTBE-P-JAGUAR_023369_20240526_180004,OOSTENDE_RT1,135,2024-05-26T18:01:49,75.9
445.0,2.4495398515328537,0.06791566231491995,31.33604896421276,0.08787725428304509,308.92486207392506,2.7196064495731336,1.6272505906629469,0.06791566231491995,0.01283236070961067,0.00045682379675826394,0.016548226215451177,0.0006906642099306991,RTBE-P-JAGUAR_023369_20240526_180004,OOSTENDE_RT1,135,2024-05-26T18:01:49,75.9
447.5,2.5158018584128716,0.06917058773918204,31.72341574880187,0.08685334275140764,318.75644278195733,2.7993497764340276,1.683347705748561,0.06917058773918204,0.012874835342940124,0.0004511757420663434,0.016590700848780626,0.0006817299389758494,RTBE-P-JAGUAR_023369_20240526_180004,OOSTENDE_RT1,135,2024-05-26T18:01:49,75.9
450.0,2.568159747354922,0.06992779401880186,31.930586245401958,0.08701855048895618,326.4381196670631,2.8648807813136328,1.7302692336893295,0.06992779401880185,0.01293599218417087,0.00044500006502024556,0.016651857690011374,0.0006729748480210166,RTBE-P-JAGUAR_023369_20240526_180004,OOSTENDE_RT1,135,2024-05-26T18:01:49,75.9
452.5,2.5950179136917324,0.07011462026572791,31.843903280536768,0.08522990859217454,331.4592141149633,2.8911343652106933,1.7594020477071668,0.07011462026572791,0.012959865058917837,0.00043934448534320317,0.016675730564758347,0.0006645510716128413,RTBE-P-JAGUAR_023369_20240526_180004,OOSTENDE_RT1,135,2024-05-26T18:01:49,75.9
455.0,2.603636081299764,0.06980370190041439,31.56561874510055,0.0841977806815576,335.1488739219571,2.899692339133629,1.7753226798095803,0.06980370190041439,0.012925517242591058,0.000432701182078596,0.016641382748431566,0.000654320554676185,RTBE-P-JAGUAR_023369_20240526_180004,OOSTENDE_RT1,135,2024-05-26T18:01:49,75.9
457.5,2.606496510034748,0.06935681257747393,31.23751600345768,0.08249423431049611,337.93951055017175,2.9051187431911334,1.7867928525880148,0.06935681257747393,0.012894726401683355,0.00042597245615025867,0.016610591907523863,0.0006447628823130679,RTBE-P-JAGUAR_023369_20240526_180004,OOSTENDE_RT1,135,2024-05-26T18:01:49,75.9
460.0,2.6066920104784517,0.06888241879252238,30.891019211432877,0.07967378026413648,340.44287483200355,2.9420440644355033,1.7960807753512424,0.06888241879252238,0.012858292998377626,0.0004188900865803128,0.01657415850421813,0.0006356440884447049,RTBE-P-JAGUAR_023369_20240526_180004,OOSTENDE_RT1,135,2024-05-26T18:01:49,75.9
462.5,2.5969688459444007,0.068320509742016,30.4181854682467,0.0759110315264989,341.2615103455774,2.9294719388619024,1.7987652410721389,0.068320509742016,0.012843246774833778,0.0004156262751246163,0.016559112280674287,0.0006289464384005032,RTBE-P-JAGUAR_023369_20240526_180004,OOSTENDE_RT1,135,2024-05-26T18:01:49,75.9
465.0,2.5789832278748053,0.06723151737854098,29.83604989421782,0.0722504500876425,341.1749051855151,2.9225661004998225,1.7960554426006359,0.06723151737854098,0.012822497949836293,0.0004096896836317922,0.016538363455676802,0.0006190784781526366,RTBE-P-JAGUAR_023369_20240526_180004,OOSTENDE_RT1,135,2024-05-26T18:01:49,75.9
467.5,2.5623728108206865,0.06609492138356668,29.250105886351562,0.06962993675825851,340.6852132484883,2.927986106818448,1.7948207822569353,0.06609492138356668,0.012834884467378925,0.0004041722667226163,0.01655074997321943,0.0006094873254940991,RTBE-P-JAGUAR_023369_20240526_180004,OOSTENDE_RT1,135,2024-05-26T18:01:49,75.9
470.0,2.5524448011458203,0.06513306060164215,28.71638026196179,0.06814001708474045,341.10290582512994,2.9275015957842125,1.7988982666916806,0.06513306060164213,0.012852171537183838,0.00039916666487060866,0.016568037043024345,0.0005998821505110226,RTBE-P-JAGUAR_023369_20240526_180004,OOSTENDE_RT1,135,2024-05-26T18:01:49,75.9
472.5,2.560036834139455,0.06462006983184107,28.34138327584213,0.0644516671552469,342.6000781008128,2.938568905672923,1.8163305955980815,0.06462006983184108,0.01293962064364665,0.00039812773611496344,0.01665548614948716,0.0005925565977204304,RTBE-P-JAGUAR_023369_20240526_180004,OOSTENDE_RT1,135,2024-05-26T18:01:49,75.9
475.0,2.5776479337811646,0.0639802851440295,28.019491639668406,0.0633222836733963,344.5721291760303,2.9560364831842842,1.8423884536646258,0.0639802851440295,0.013081877378740087,0.000396604542882359,0.016797742884580597,0.0005833321292227296,RTBE-P-JAGUAR_023369_20240526_180004,OOSTENDE_RT1,135,2024-05-26T18:01:49,75.9
477.5,2.5973448348797312,0.06361219785026288,27.66187408776851,0.062283717740192736,346.45944879539485,2.9749119749098956,1.871469596942598,0.06361219785026288,0.013254071834917818,0.00039775623194504057,0.016969937340758325,0.0005768167505314768,RTBE-P-JAGUAR_023369_20240526_180004,OOSTENDE_RT1,135,2024-05-26T18:01:49,75.9
480.0,2.6131770739131155,0.06355481368908587,27.20325300593417,0.06023833539662151,346.25923508235616,2.9759988661943226,1.8993365117843966,0.06355481368908587,0.013516719296403152,0.00040422662903195997,0.017232584802243656,0.0005766296333971029,RTBE-P-JAGUAR_023369_20240526_180004,OOSTENDE_RT1,135,2024-05-26T18:01:49,75.9
482.5,2.602575034831519,0.06241553359871015,26.421816941232063,0.05665713393526095,343.07389280410985,2.9279088074735955,1.9092401364766487,0.06241553359871015,0.013767408250925983,0.0004110051966854953,0.01748327375676649,0.0005715508697584171,RTBE-P-JAGUAR_023369_20240526_180004,OOSTENDE_RT1,135,2024-05-26T18:01:49,75.9
485.0,2.594977212588579,0.06120937331449679,25.652705866466885,0.053482961981161044,339.8323164520791,2.882915896430485,1.921824557946622,0.06120937331449679,0.014050514030300339,0.0004176194802850378,0.01776637953614085,0.0005658523578430026,RTBE-P-JAGUAR_023369_20240526_180004,OOSTENDE_RT1,135,2024-05-26T18:01:49,75.9
487.5,2.6057202312924987,0.06061600139959627,25.04659230202041,0.05042305812575484,337.9227409564039,2.8604557117111375,1.9484726026951813,0.06061600139959627,0.014398651430851504,0.00042819559556549544,0.018114516936692006,0.0005635334992489544,RTBE-P-JAGUAR_023369_20240526_180004,OOSTENDE_RT1,135,2024-05-26T18:01:49,75.9
490.0,2.6431237494770596,0.06098348645377375,24.68542626467597,0.04782401827801022,339.9871969266225,2.8698591624795955,1.9953534788656968,0.06098348645377375,0.01472185181759219,0.0004420343855665167,0.018437717323432693,0.000563507316644094,RTBE-P-JAGUAR_023369_20240526_180004,OOSTENDE_RT1,135,2024-05-26T18:01:49,75.9
492.5,2.7020084133863547,0.061432220227752556,24.528464090318938,0.05160431630906374,342.60846044962136,2.878540948048265,2.0583569871922953,0.061432220227752556,0.015158505491718089,0.00045404739198935543,0.018874370997558596,0.0005633107002318067,RTBE-P-JAGUAR_023369_20240526_180004,OOSTENDE_RT1,135,2024-05-26T18:01:49,75.9
495.0,2.7412705285823553,0.061901862314412255,24.185504522808866,0.04869873396734359,343.8398414890739,2.8744280987044313,2.106618704399328,0.061901862314412255,0.015531868604885228,0.0004693938889157504,0.019247734110725733,0.0005655843576715474,RTBE-P-JAGUAR_023369_20240526_180004,OOSTENDE_RT1,135,2024-05-26T18:01:49,75.9
497.5,2.76269334992723,0.06209675687615904,23.690209073517778,0.04494724387814792,342.8286430099386,2.857339459293815,2.14103857362905,0.06209675687615904,0.015904055965453825,0.0004868963050643541,0.01961992147129433,0.0005690385537833759,RTBE-P-JAGUAR_023369_20240526_180004,OOSTENDE_RT1,135,2024-05-26T18:01:49,75.9
500.0,2.7679985058988272,0.06189255535235945,23.068961973682505,0.04382238713034442,339.7672030084946,2.875496594278906,2.1626458747474246,0.06189255535235945,0.01628062718757852,0.0005055508210921056,0.019996492693419025,0.0005722777109891051,RTBE-P-JAGUAR_023369_20240526_180004,OOSTENDE_RT1,135,2024-05-26T18:01:49,75.9
502.5,2.778777081440316,0.062302171156758304,22.516056888343257,0.04273195163098803,337.7551339721969,2.882394066562133,2.1879332326333003,0.0623021711567583,0.016634957557448773,0.0005263722151824383,0.020350823063289277,0.0005794968707267007,RTBE-P-JAGUAR_023369_20240526_180004,OOSTENDE_RT1,135,2024-05-26T18:01:49,75.9
505.0,2.804692647386116,0.06316384348061783,22.098644196843797,0.043247349237360955,336.87980261577457,2.880510834049432,2.2248021250167374,0.06316384348061783,0.017031659152428404,0.0005489067035111136,0.020747524658268904,0.0005890381824924302,RTBE-P-JAGUAR_023369_20240526_180004,OOSTENDE_RT1,135,2024-05-26T18:01:49,75.9
507.5,2.8335512758244956,0.06417748185732115,21.72095052708019,0.0431097428202687,337.0430623919114,2.8692087922334046,2.2635718130433844,0.06417748185732115,0.017382983193976805,0.0005699397499606779,0.021098848699817315,0.0005982010254060963,RTBE-P-JAGUAR_023369_20240526_180004,OOSTENDE_RT1,135,2024-05-26T18:01:49,75.9
510.0,2.8559115511126616,0.06508376124596747,21.31070236397139,0.040863495656875706,335.4745522116886,2.83489695961132,2.296697410379689,0.06508376124596749,0.01779183951798078,0.0005908668137516803,0.021507705023821287,0.0006094848770207249,RTBE-P-JAGUAR_023369_20240526_180004,OOSTENDE_RT1,135,2024-05-26T18:01:49,75.9
512.5,2.8426399477622213,0.06519776186726539,20.668845129770197,0.03930402582419642,331.7926473471924,2.7943557246506834,2.300268782711922,0.06519776186726539,0.018064326330320925,0.0006087038072953289,0.021780191836161433,0.000617327753795478,RTBE-P-JAGUAR_023369_20240526_180004,OOSTENDE_RT1,135,2024-05-26T18:01:49,75.9
515.0,2.82872035137739,0.06545805398063868,20.036110393202502,0.036670145694213625,327.8068438165921,2.7565940317952267,2.302952778549363,0.06545805398063868,0.01835487422131061,0.0006275965402818388,0.022070739727151116,0.0006273283959224347,RTBE-P-JAGUAR_023369_20240526_180004,OOSTENDE_RT1,135,2024-05-26T18:01:49,75.9
517.5,2.8296315289686222,0.06625689003916632,19.516845960195067,0.03442390558049838,324.8130075669662,2.728970643595442,2.317489974127144,0.06625689003916632,0.018698906402531426,0.0006494873070388654,0.02241477190837193,0.0006408368942978285,RTBE-P-JAGUAR_023369_20240526_180004,OOSTENDE_RT1,135,2024-05-26T18:01:49,75.9
520.0,2.85760180207879,0.0678979368348377,19.193647569867014,0.03332252968812266,325.38807916810646,2.744216606767403,2.3539412961979096,0.0678979368348377,0.019011226101275248,0.0006728485650535737,0.022727091607115755,0.0006555484764517998,RTBE-P-JAGUAR_023369_20240526_180004,OOSTENDE_RT1,135,2024-05-26T18:01:49,75.9
522.5,2.9060330890915207,0.06986030643524777,19.01080164490616,0.03366991671102887,326.78879780725975,2.768308302686366,2.407170643127539,0.06986030643524777,0.019425532421902328,0.0006968717254720385,0.023141397927742835,0.0006716038828355166,RTBE-P-JAGUAR_023369_20240526_180004,OOSTENDE_RT1,135,2024-05-26T18:01:49,75.9
525.0,2.9520517623867604,0.07170071833431979,18.795928113518155,0.0337743112659217,328.32256760879915,2.785663925432591,2.4588278127599303,0.07170071833431979,0.019811714243757654,0.0007188758366637177,0.023527579749598158,0.0006860766581376274,RTBE-P-JAGUAR_023369_20240526_180004,OOSTENDE_RT1,135,2024-05-26T18:01:49,75.9
527.5,2.997925972299228,0.07370598328634445,18.558909648690307,0.03392042284940057,329.40567146241614,2.7825322525488807,2.510921624207946,0.07370598328634445,0.020231180983465182,0.0007424679266812324,0.02394704648930569,0.0007029453214633288,RTBE-P-JAGUAR_023369_20240526_180004,OOSTENDE_RT1,135,2024-05-26T18:01:49,75.9
530.0,3.0456509535705476,0.07611706226423148,18.30781078993837,0.03393099477416027,330.2321606857074,2.810108474900892,2.565235690631775,0.07611706226423148,0.02068795265554403,0.0007694669747000961,0.02440381816138454,0.0007241233050276194,RTBE-P-JAGUAR_023369_20240526_180004,OOSTENDE_RT1,135,2024-05-26T18:01:49,75.9
532.5,3.0990751763265476,0.07862638460946249,18.054319156215424,0.033265507594217106,330.3726922385874,2.831167710241662,2.6253117873482985,0.07862638460946249,0.02124884985434985,0.0008022185254746086,0.02496471536019035,0.0007476770267956247,RTBE-P-JAGUAR_023369_20240526_180004,OOSTENDE_RT1,135,2024-05-26T18:01:49,75.9
535.0,3.1447894581691984,0.08098381788690476,17.734892760337086,0.03137890745910191,329.7474439432183,2.836805565162071,2.6794081372451926,0.08098381788690476,0.02181157700979489,0.0008331696840458476,0.02552744251563539,0.000771554630691735,RTBE-P-JAGUAR_023369_20240526_180004,OOSTENDE_RT1,135,2024-05-26T18:01:49,75.9
537.5,3.1874189860018363,0.0833971483475223,17.378083207185984,0.030188125391271598,328.2332509493984,2.815327471157647,2.731400704562069,0.0833971483475223,0.022426971524357422,0.0008658870057185931,0.02614283703019793,0.0007982124535557947,RTBE-P-JAGUAR_023369_20240526_180004,OOSTENDE_RT1,135,2024-05-26T18:01:49,75.9
540.0,3.2313658962057756,0.08611423155312098,17.010713838104913,0.03138750463905144,326.64316189507656,2.8024941018911353,2.784987754380064,0.08611423155312097,0.02306962425839454,0.0009020136730696569,0.02678548976423505,0.0008282305242431992,RTBE-P-JAGUAR_023369_20240526_180004,OOSTENDE_RT1,135,2024-05-26T18:01:49,75.9
542.5,3.2900041796677844,0.08909216039360766,16.692981261532726,0.028911556805585433,325.634189298064,2.787588568374183,2.8519636583839048,0.08909216039360757,0.023798776297581495,0.0009399332739277103,0.027514641803422002,0.0008595266890996123,RTBE-P-JAGUAR_023369_20240526_180004,OOSTENDE_RT1,135,2024-05-26T18:01:49,75.9
545.0,3.3609609090833583,0.09243919797066823,16.416028320108065,0.02875744976847916,325.1431568313811,2.7800622062017117,2.9301879099354027,0.09243919797066823,0.024596146043781717,0.0009795428271430812,0.02831201154962222,0.0008931644389458529,RTBE-P-JAGUAR_023369_20240526_180004,OOSTENDE_RT1,135,2024-05-26T18:01:49,75.9
547.5,3.4403151424468805,0.09625050685503032,16.159641811829037,0.028919567158836874,325.089727110419,2.79465308146371,3.0162699816626746,0.09625050685503035,0.025432676651618455,0.001021877301311692,0.02914854215745896,0.0009301428498764959,RTBE-P-JAGUAR_023369_20240526_180004,OOSTENDE_RT1,135,2024-05-26T18:01:49,75.9
550.0,3.524019233573378,0.10062913720960391,15.902480109810996,0.027204267872364286,324.5780995595541,2.7956567272724957,3.1067222530118284,0.10062913720960392,0.026354110934498777,0.0010703288451406705,0.030069976440339277,0.0009739897997546997,RTBE-P-JAGUAR_023369_20240526_180004,OOSTENDE_RT1,135,2024-05-26T18:01:49,75.9
552.5,3.5985693140576482,0.10461156052772011,15.585122238904512,0.025638162418609372,323.1025535665852,2.792017677488577,3.189600121386554,0.10461156052772011,0.027297273197726235,0.0011186116989231171,0.031013138703566742,0.0010171597420282276,RTBE-P-JAGUAR_023369_20240526_180004,OOSTENDE_RT1,135,2024-05-26T18:01:49,75.9
555.0,3.661530445760337,0.10835360516114872,15.218704568209567,0.025265722684437403,320.67587874899635,2.7811763737717694,3.2621764191859497,0.10835360516114872,0.028242975655549816,0.0011674835815188307,0.03195884116139032,0.001061516978739391,RTBE-P-JAGUAR_023369_20240526_180004,OOSTENDE_RT1,135,2024-05-26T18:01:49,75.9
557.5,3.7152674199982014,0.11183290959275055,14.82341103649304,0.02541104921057701,317.30118327222254,2.756536676608587,3.326286290989587,0.11183290959275057,0.029217628368161497,0.001217329109415559,0.032933493874002004,0.0011072553955928269,RTBE-P-JAGUAR_023369_20240526_180004,OOSTENDE_RT1,135,2024-05-26T18:01:49,75.9
560.0,3.7623423791080906,0.11500783757604525,14.422029838774487,0.025342827953338636,313.6198587712984,2.7581639377077343,3.3838938941088084,0.11500783757604525,0.030181274298727547,0.0012661483991010115,0.03389713980456805,0.0011520564388036066,RTBE-P-JAGUAR_023369_20240526_180004,OOSTENDE_RT1,135,2024-05-26T18:01:49,75.9
562.5,3.7966920037562257,0.11815162424845899,14.048269491929082,0.023308136200691193,309.7306768330584,2.752471114284121,3.428051364018515,0.11815162424845899,0.031054797482552167,0.0013150740938367637,0.034770662988392674,0.0011984097879614453,RTBE-P-JAGUAR_023369_20240526_180004,OOSTENDE_RT1,135,2024-05-26T18:01:49,75.9
565.0,3.8072026683845013,0.1200816000856176,13.663791249126577,0.02315458890860177,305.6346667433979,2.7425611221746804,3.4486511222161713,0.12008160008561762,0.031732525037646675,0.0013537259832374895,0.03544839054348718,0.0012343085183364022,RTBE-P-JAGUAR_023369_20240526_180004,OOSTENDE_RT1,135,2024-05-26T18:01:49,75.9
567.5,3.7963233226839233,0.12105725789268383,13.281563125116433,0.02370919091494569,301.29383234414956,2.742499125732918,3.447801824717743,0.12105725789268383,0.03223438544783478,0.0013841943250499848,0.03595025095367528,0.0012622647768805715,RTBE-P-JAGUAR_023369_20240526_180004,OOSTENDE_RT1,135,2024-05-26T18:01:49,75.9
570.0,3.7667892462410535,0.12141546492754066,12.919609491384223,0.023409338346536076,297.63667716784903,2.7278531325073527,3.42776577357764,0.12141546492754066,0.032464634407566285,0.0014052905519877665,0.03618049991340679,0.0012815555403927687,RTBE-P-JAGUAR_023369_20240526_180004,OOSTENDE_RT1,135,2024-05-26T18:01:49,75.9
572.5,3.723820025399999,0.12117562366539836,12.625222112130572,0.022230920359083202,295.1839692649455,2.72250536938691,3.3925215719555806,0.12117562366539836,0.032390163131623954,0.0014136688382970631,0.036106028637464455,0.0012896515012293548,RTBE-P-JAGUAR_023369_20240526_180004,OOSTENDE_RT1,135,2024-05-26T18:01:49,75.9
575.0,3.6817490201224974,0.12068365308978427,12.405275143822516,0.021233491812751137,294.19909030958206,2.724983517267232,3.356222195073451,0.12068365308978428,0.03212341251763185,0.0014132663757084087,0.03583927802347235,0.0012887153306840005,RTBE-P-JAGUAR_023369_20240526_180004,OOSTENDE_RT1,135,2024-05-26T18:01:49,75.9
577.5,3.640688985056836,0.12004154475245288,12.25680913683081,0.021143818487398446,295.3294646372847,2.719888113893089,3.319058056497259,0.1200415447524528,0.031590900854014954,0.0014020947796649203,0.035306766359855454,0.0012769522864338862,RTBE-P-JAGUAR_023369_20240526_180004,OOSTENDE_RT1,135,2024-05-26T18:01:49,75.9
580.0,3.6000924757483173,0.11937320853123624,12.178375073014656,0.023003471564711112,297.2042825812494,2.729116535454537,3.280519735457339,0.11937320853123634,0.030960810790207315,0.0013868634244967616,0.03467667629604782,0.0012618324059803937,RTBE-P-JAGUAR_023369_20240526_180004,OOSTENDE_RT1,135,2024-05-26T18:01:49,75.9
582.5,3.5152974953847287,0.11686516137822489,12.045583189868916,0.020508585196703875,297.4367615332375,2.73628856075773,3.1992093468993783,0.11686516137822489,0.030074888971533556,0.0013585355977318654,0.03379075447737406,0.0012343556006791374,RTBE-P-JAGUAR_023369_20240526_180004,OOSTENDE_RT1,135,2024-05-26T18:01:49,75.9
585.0,3.3794960392640836,0.11245255516577393,11.79356688788517,0.020231496087039162,295.3664005898841,2.7347099189686346,3.070021050559089,0.11245255516577393,0.028937664345695266,0.001319405567326932,0.03265352985153577,0.0011960741657840934,RTBE-P-JAGUAR_023369_20240526_180004,OOSTENDE_RT1,135,2024-05-26T18:01:49,75.9
587.5,3.21191332975841,0.10692307602703423,11.464058751149112,0.019702497290400512,290.25216922399983,2.7120838217713352,2.9110849640695053,0.10692307602703423,0.027792747027692508,0.0012794765668012911,0.031508612533533015,0.0011572997061273253,RTBE-P-JAGUAR_023369_20240526_180004,OOSTENDE_RT1,135,2024-05-26T18:01:49,75.9
590.0,3.0396869245993856,0.10140905574206995,11.119063688445378,0.0162471623690387,286.57793191073205,2.7052786827366355,2.747911574350891,0.10140905574206996,0.026407943250600006,0.0012329345955320815,0.030123808756440516,0.0011116904306016247,RTBE-P-JAGUAR_023369_20240526_180004,OOSTENDE_RT1,135,2024-05-26T18:01:49,75.9
592.5,2.923934343147157,0.097762605621641,10.91281761281112,0.01714486130786889,285.397058396021,2.7081439213918492,2.6375710961693803,0.097762605621641,0.025317979571667235,0.0011965806877393566,0.029033845077507735,0.001076150838214195,RTBE-P-JAGUAR_023369_20240526_180004,OOSTENDE_RT1,135,2024-05-26T18:01:49,75.9
595.0,2.8348139095487466,0.09478079287163911,10.768281609430746,0.017153859587534438,286.74694262479414,2.715860060381243,2.552243431835674,0.09478079287163917,0.02424645256539132,0.001157013581228497,0.027962318071231826,0.0010384161025792597,RTBE-P-JAGUAR_023369_20240526_180004,OOSTENDE_RT1,135,2024-05-26T18:01:49,75.9
597.5,2.7641355148952385,0.09233809643836759,10.66154925257735,0.01602145565234749,289.2612894500483,2.7110979365057295,2.4843658009583556,0.09233809643836759,0.023266194084501923,0.001119067802729399,0.02698205959034243,0.0010028603757134811,RTBE-P-JAGUAR_023369_20240526_180004,OOSTENDE_RT1,135,2024-05-26T18:01:49,75.9
600.0,2.7027646054728702,0.09033311271193946,10.564351415490473,0.014547193605576597,291.8772015312594,2.719569258663042,2.4255454599789847,0.09033311271193946,0.022391263649986896,0.0010866947054720085,0.02610712915582741,0.0009722919151715065,RTBE-P-JAGUAR_023369_20240526_180004,OOSTENDE_RT1,135,2024-05-26T18:01:49,75.9
602.5,2.657232262414238,0.08858428015042466,10.475471167076131,0.015431981851912828,294.2674683614986,2.7141642746996153,2.382345423518994,0.08858428015042466,0.021717998871061087,0.0010582297476099778,0.02543386437690159,0.0009457237162289248,RTBE-P-JAGUAR_023369_20240526_180004,OOSTENDE_RT1,135,2024-05-26T18:01:49,75.9
605.0,2.618748013895088,0.08755390124559975,10.375557141311818,0.016093254320094397,296.2280867638629,2.6881004621515667,2.346483018949925,0.08755390124559975,0.02116932986721877,0.00103945795995137,0.024885195373059277,0.0009285368445348144,RTBE-P-JAGUAR_023369_20240526_180004,OOSTENDE_RT1,135,2024-05-26T18:01:49,75.9
607.5,2.5839989278141133,0.08690343205004816,10.262184211532983,0.015686875291205115,297.1728876364761,2.6600506652025877,2.314708951919276,0.08690343205004816,0.020754309739229697,0.0010285571349715288,0.024470175245070204,0.0009187082505122186,RTBE-P-JAGUAR_023369_20240526_180004,OOSTENDE_RT1,135,2024-05-26T18:01:49,75.9
610.0,2.5487809902953313,0.08608528335791144,10.132790829141461,0.012364276522167988,297.5386293611366,2.6448716226072575,2.2828864261478303,0.08608528335791144,0.020388228946584395,0.0010187908078649534,0.0241040944524249,0.0009089404436664205,RTBE-P-JAGUAR_023369_20240526_180004,OOSTENDE_RT1,135,2024-05-26T18:01:49,75.9
612.5,2.512755124955775,0.0852231890085285,9.998510387452008,0.01288947722366376,297.65705112119866,2.6377190905559216,2.2503842138786467,0.0852231890085285,0.02003559775513547,0.0010103263691514928,0.02375146326097598,0.0008994799333534745,RTBE-P-JAGUAR_023369_20240526_180004,OOSTENDE_RT1,135,2024-05-26T18:01:49,75.9
615.0,2.4787380864336126,0.08445765943807707,9.87464276437787,0.012726039679706388,297.6396569603496,2.6347575131159133,2.219617585653573,0.08445765943807698,0.019712243409756428,0.0010023790218353476,0.02342810891559693,0.0008914523190214465,RTBE-P-JAGUAR_023369_20240526_180004,OOSTENDE_RT1,135,2024-05-26T18:01:49,75.9
617.5,2.4454014893504668,0.08375307584457514,9.756015186092258,0.012016842904330608,297.23003989626073,2.612614479737947,2.18939389485222,0.08375307584457514,0.01942507872134024,0.0009960293835173403,0.023140944227180747,0.0008852336993955902,RTBE-P-JAGUAR_023369_20240526_180004,OOSTENDE_RT1,135,2024-05-26T18:01:49,75.9
620.0,2.4103307305831194,0.08302960853986131,9.632878529615576,0.011528791038112055,295.96257928290174,2.5974414985330094,2.1575543650874764,0.08302960853986127,0.019186208666855394,0.0009931835912937589,0.022902074172695897,0.0008813452323982162,RTBE-P-JAGUAR_023369_20240526_180004,OOSTENDE_RT1,135,2024-05-26T18:01:49,75.9
622.5,2.3612070470912414,0.08166183598412428,9.460007035249744,0.011217946870328113,293.91971659177057,2.5820225762105866,2.1129670024792526,0.08166183598412433,0.01886881064055833,0.0009841192794758018,0.02258467614639884,0.0008728513588038844,RTBE-P-JAGUAR_023369_20240526_180004,OOSTENDE_RT1,135,2024-05-26T18:01:49,75.9
625.0,2.30583273414379,0.08013283300711178,9.262391693865416,0.010431947931813953,291.1567051164379,2.5650288452539685,2.0627783137050675,0.08013283300711178,0.018541596137464502,0.0009760944635019458,0.022257461643305006,0.0008646365172521223,RTBE-P-JAGUAR_023369_20240526_180004,OOSTENDE_RT1,135,2024-05-26T18:01:49,75.9
627.5,2.252176339015651,0.07862507348835135,9.069041093501243,0.010122933862598901,288.3272694818023,2.5810039498795,2.014195631681085,0.07862507348835132,0.01823066147634397,0.0009686522162831076,0.021946526982184474,0.0008566929992535861,RTBE-P-JAGUAR_023369_20240526_180004,OOSTENDE_RT1,135,2024-05-26T18:01:49,75.9
630.0,2.2123410227104383,0.07738779984542346,8.924306598641113,0.011628049920316985,287.13099359322416,2.5725615123669927,1.9781582932554966,0.07738779984542346,0.01792780132356946,0.0009585951112095654,0.021643666829409967,0.0008467248360387275,RTBE-P-JAGUAR_023369_20240526_180004,OOSTENDE_RT1,135,2024-05-26T18:01:49,75.9
632.5,2.2009574205343694,0.07751977257505804,8.876953590465147,0.00926150376741987,287.67147551310353,2.559264831441857,1.9680172813669734,0.07751977257505804,0.017776389234579932,0.0009576502011999768,0.021492254740420436,0.0008465752386307095,RTBE-P-JAGUAR_023369_20240526_180004,OOSTENDE_RT1,135,2024-05-26T18:01:49,75.9
635.0,2.201094379767241,0.07774747273766809,8.860660672076152,0.00739677487852749,290.0637107986562,2.554087900199914,1.9685817830712908,0.07774747273766809,0.017605250640192454,0.0009524003101780268,0.02132111614603296,0.0008420594514057445,RTBE-P-JAGUAR_023369_20240526_180004,OOSTENDE_RT1,135,2024-05-26T18:01:49,75.9
637.5,2.2060394537133425,0.07800412499349815,8.850943457805904,0.005985635791073295,293.3510928933487,2.545969560983466,1.9737818464370578,0.0780041249934981,0.017422008866456236,0.0009453703827701603,0.021137874372296743,0.0008353716483966432,RTBE-P-JAGUAR_023369_20240526_180004,OOSTENDE_RT1,135,2024-05-26T18:01:49,75.9
640.0,2.207115817813703,0.07832513536266487,8.81619568895713,0.006366801533296487,295.48660504500157,2.561529289779667,1.9757700267397793,0.07832513536266493,0.017290381461744657,0.0009431087054171532,0.02100624696758516,0.0008327472908942831,RTBE-P-JAGUAR_023369_20240526_180004,OOSTENDE_RT1,135,2024-05-26T18:01:49,75.9
642.5,2.1892722309336468,0.07810833064801308,8.7065707679808,0.004872744892257341,296.01276606762804,2.5745866453558417,1.9608031074110626,0.07810833064801308,0.01709419859785186,0.000939264843850668,0.020810064103692367,0.0008289661321292447,RTBE-P-JAGUAR_023369_20240526_180004,OOSTENDE_RT1,135,2024-05-26T18:01:49,75.9
645.0,2.1588095571585324,0.07757877371549284,8.55563068301369,0.003872020412292194,294.49169875414424,2.563513366561091,1.93430125240557,0.07757877371549288,0.016918966070380143,0.0009386197466005013,0.02063483157622065,0.0008275985591789717,RTBE-P-JAGUAR_023369_20240526_180004,OOSTENDE_RT1,135,2024-05-26T18:01:49,75.9
647.5,2.118694690601247,0.07670168351830689,8.378826815318535,0.004211340765103601,291.84250274097536,2.543392376776808,1.8988258961404731,0.07670168351830689,0.016724397409035526,0.0009375009416631335,0.020440262914876037,0.0008256694730751782,RTBE-P-JAGUAR_023369_20240526_180004,OOSTENDE_RT1,135,2024-05-26T18:01:49,75.9
650.0,2.0725282124750866,0.07540125107351787,8.195742307866189,0.005867871720574395,289.5985068100866,2.5171102704982506,1.8574637385743704,0.07540125107351783,0.0164340810518654,0.0009294600313303821,0.020149946557705904,0.0008179600753238167,RTBE-P-JAGUAR_023369_20240526_180004,OOSTENDE_RT1,135,2024-05-26T18:01:49,75.9
652.5,2.0163692616734443,0.07356604202959707,8.01933412917945,0.006454812999505994,288.28198223521696,2.4981072651208422,1.8059339147896465,0.07356604202959705,0.015964548356940004,0.000912648958433781,0.019680413862780508,0.0008016960872888947,RTBE-P-JAGUAR_023369_20240526_180004,OOSTENDE_RT1,135,2024-05-26T18:01:49,75.9
655.0,1.9603252524230053,0.07154567497094168,7.888377876774239,0.0060897364190056055,288.4685194326628,2.500199272552682,1.7533263285585727,0.07154567497094168,0.01537889437984249,0.0008883544739622186,0.019094759885682995,0.0007791746819614438,RTBE-P-JAGUAR_023369_20240526_180004,OOSTENDE_RT1,135,2024-05-26T18:01:49,75.9
657.5,1.9092197517100358,0.06959396853183111,7.813262791672186,0.004736460025460748,292.1249980614691,2.4837451034894027,1.7041919227937656,0.06959396853183111,0.014611483610065671,0.0008554919654838326,0.018327349115906173,0.0007484326973885147,RTBE-P-JAGUAR_023369_20240526_180004,OOSTENDE_RT1,135,2024-05-26T18:01:49,75.9
660.0,1.8694370636917519,0.06805100756463747,7.807695454973328,0.00369172927954647,296.94663305541775,2.467600455441043,1.6645553272577969,0.06805100756463747,0.013894554029143474,0.0008245891299329238,0.01761041953498398,0.000719956118830787,RTBE-P-JAGUAR_023369_20240526_180004,OOSTENDE_RT1,135,2024-05-26T18:01:49,75.9
662.5,1.848420513085841,0.06720753773153025,7.8285496147548175,0.0028855790113671616,301.88769184605,2.4676260050556174,1.6429915426450599,0.06720753773153025,0.013381917211700973,0.000802034327490444,0.01709778271754148,0.000699394882620475,RTBE-P-JAGUAR_023369_20240526_180004,OOSTENDE_RT1,135,2024-05-26T18:01:49,75.9
665.0,1.8397175893080813,0.06758510106311306,7.813554371611789,0.002339797342453059,305.68736744096987,2.5037500273839717,1.6346821090426167,0.06758510106311306,0.013083995566974845,0.0007985565570477058,0.016799861072815357,0.0006945817184709171,RTBE-P-JAGUAR_023369_20240526_180004,OOSTENDE_RT1,135,2024-05-26T18:01:49,75.9
667.5,1.8489524393660235,0.06949298535866025,7.76165648265849,0.0014523521307977646,307.427863306671,2.513069894517676,1.6452788116045822,0.06949298535866023,0.013097170801437312,0.0008182748744052268,0.016813036307277814,0.0007101459507624681,RTBE-P-JAGUAR_023369_20240526_180004,OOSTENDE_RT1,135,2024-05-26T18:01:49,75.9
670.0,1.8847201731479297,0.07332414654020976,7.674787351956486,0.0038268049880022838,308.410013949081,2.5003452849865817,1.6833260782452393,0.07332414654020976,0.013431193933949514,0.0008616428859547111,0.01714705943979002,0.0007469102483147526,RTBE-P-JAGUAR_023369_20240526_180004,OOSTENDE_RT1,135,2024-05-26T18:01:49,75.9
672.5,1.9540416969253818,0.07912256129685104,7.579323977061006,0.0044803125444380105,308.7654120966541,2.479641352524838,1.755152656443324,0.07912256129685104,0.014142270397299107,0.0009266944512133094,0.017858135903139612,0.0008050476107912762,RTBE-P-JAGUAR_023369_20240526_180004,OOSTENDE_RT1,135,2024-05-26T18:01:49,75.9
675.0,2.0286230631467004,0.08530777155351003,7.482226211036394,0.004901502836770562,308.573014671915,2.4719987764222724,1.8322819651428943,0.08530777155351009,0.014938661258653977,0.0009973112055750404,0.018654526764494476,0.0008685214055142586,RTBE-P-JAGUAR_023369_20240526_180004,OOSTENDE_RT1,135,2024-05-26T18:01:49,75.9
677.5,2.0950123757990733,0.0910385334290068,7.363639917610686,0.004787013468255538,306.3584308504442,2.43548548120049,1.9017831007210513,0.09103853342900675,0.01578621838119677,0.0010683635103887774,0.019502083887037277,0.0009335665645636392,RTBE-P-JAGUAR_023369_20240526_180004,OOSTENDE_RT1,135,2024-05-26T18:01:49,75.9
680.0,2.137550162402018,0.09530382434727303,7.19798731259727,0.0039712906015389095,300.1135154798239,2.4184532936017438,1.9486677773321532,0.09530382434727303,0.01668281718516082,0.0011361091373828416,0.020398682691001327,0.0009976418221275794,RTBE-P-JAGUAR_023369_20240526_180004,OOSTENDE_RT1,135,2024-05-26T18:01:49,75.9
682.5,2.1012342495724052,0.09547962986289389,6.84137887421963,0.004794559694806931,289.80500952735747,2.394201983803254,1.9217096265340081,0.09547962986289393,0.017116172059342134,0.0011778367648235329,0.02083203756518264,0.0010350342260609692,RTBE-P-JAGUAR_023369_20240526_180004,OOSTENDE_RT1,135,2024-05-26T18:01:49,75.9
685.0,2.0304723847576778,0.09334949731281231,6.436315671739972,0.00499422946108449,275.3316676028151,2.310317449760392,1.861577025215549,0.09334949731281231,0.017525122708218873,0.0012101583969750952,0.021240988214059373,0.0010651375394903273,RTBE-P-JAGUAR_023369_20240526_180004,OOSTENDE_RT1,135,2024-05-26T18:01:49,75.9
687.5,1.9499744389837999,0.09004310535790805,6.077373839197697,0.004403942965350281,263.9753849946781,2.2648641441112884,1.7904980720694126,0.09004310535790805,0.017592998536893476,0.0012178682225198205,0.02130886404273398,0.0010716103636121933,RTBE-P-JAGUAR_023369_20240526_180004,OOSTENDE_RT1,135,2024-05-26T18:01:49,75.9
690.0,1.8863529259099214,0.08681698192927768,5.867116520052234,0.0038099343779743285,258.4876543338212,2.268857245763171,1.7323939213072308,0.08681698192927768,0.017339205887525855,0.001201784376991412,0.021055071393366365,0.0010551513314582702,RTBE-P-JAGUAR_023369_20240526_180004,OOSTENDE_RT1,135,2024-05-26T18:01:49,75.9
692.5,1.8672116004132477,0.08476581944519539,5.908659403129416,0.0041234766909613195,258.25036063318936,2.3003993778445335,1.7121624690157284,0.08476581944519539,0.017112438552375382,0.0011719423165881021,0.02082830405821589,0.0010311686496453276,RTBE-P-JAGUAR_023369_20240526_180004,OOSTENDE_RT1,135,2024-05-26T18:01:49,75.9
695.0,1.8406488720106287,0.08210226596669341,5.95938481061165,0.0033927565384852384,261.8664617758654,2.315408269835919,1.6842686551953678,0.0821022659666934,0.016490181492122155,0.0011221487565994362,0.02020604699796266,0.0009849748373841247,RTBE-P-JAGUAR_023369_20240526_180004,OOSTENDE_RT1,135,2024-05-26T18:01:49,75.9
697.5,1.80250787647233,0.07896420994040083,5.995108004911707,0.005079248131163921,265.5358113146937,2.3460548341949217,1.6451902473154418,0.07896420994040083,0.01574861865971868,0.0010678306801411633,0.019464484165559185,0.0009342370078711788,RTBE-P-JAGUAR_023369_20240526_180004,OOSTENDE_RT1,135,2024-05-26T18:01:49,75.9
700.0,1.7492602841418374,0.07555839647406644,5.994144272176546,0.006761736731416389,268.9858092269714,2.3674898410252547,1.5919679442956527,0.07555839647406644,0.014877363679456536,0.0010107201740043735,0.018593229185297044,0.0008824766777181729,RTBE-P-JAGUAR_023369_20240526_180004,OOSTENDE_RT1,135,2024-05-26T18:01:49,75.9
702.5,1.68984914239889,0.07172436258154703,5.9867055964247315,0.0063311205076228925,272.2740143037607,2.3789137310687303,1.5327520008431086,0.07172436258154703,0.013969562308257199,0.0009526385281980928,0.017685427814097706,0.0008275807412095242,RTBE-P-JAGUAR_023369_20240526_180004,OOSTENDE_RT1,135,2024-05-26T18:01:49,75.9
705.0,1.6310552238068405,0.0680689792510296,5.984326968996865,0.006483085802539829,275.5965624022315,2.3866904397442696,1.4740204998133946,0.0680689792510296,0.013086854865888703,0.0008959324262378917,0.01680272037172921,0.0007759349510328262,RTBE-P-JAGUAR_023369_20240526_180004,OOSTENDE_RT1,135,2024-05-26T18:01:49,75.9
707.5,1.5647439737548583,0.06429404626298015,5.958392380366118,0.005346206532748246,276.35738006901056,2.3767703538834692,1.4083897993016712,0.06429404626298015,0.012294515855323242,0.0008443732408663089,0.016010381361163745,0.0007308858672741147,RTBE-P-JAGUAR_023369_20240526_180004,OOSTENDE_RT1,135,2024-05-26T18:01:49,75.9
710.0,1.4827968617956182,0.06007956039996636,5.879792760848539,0.003780225434439269,272.1447297099668,2.3400504309822927,1.3285052199581917,0.06007956039996636,0.011620173680824282,0.0007994699254769561,0.015336039186664789,0.0006935482667057,RTBE-P-JAGUAR_023369_20240526_180004,OOSTENDE_RT1,135,2024-05-26T18:01:49,75.9
712.5,1.3514528127632695,0.05411888169959095,5.613284267723258,0.0054297394399096185,262.3310143265091,2.294266428677135,1.2041546202939435,0.05411888169959095,0.010704706604604706,0.0007495921669423281,0.014420572110445208,0.0006481104859233916,RTBE-P-JAGUAR_023369_20240526_180004,OOSTENDE_RT1,135,2024-05-26T18:01:49,75.9
715.0,1.1993251684243158,0.04768892885369973,5.249962744305985,0.003606516730977033,245.83544980756994,2.288813008768306,1.0615608960509821,0.04768892885369971,0.009850086495721761,0.0007048835468665914,0.013565952001562269,0.0006094287404913397,RTBE-P-JAGUAR_023369_20240526_180004,OOSTENDE_RT1,135,2024-05-26T18:01:49,75.9
717.5,1.0525556402314658,0.0416261376326602,4.88556589581903,0.0022782925317501204,229.7245552851957,2.2186185747651717,0.9243535055592784,0.04162613763266022,0.008925108719922387,0.0006580253374504262,0.01264097422576289,0.0005692572481933127,RTBE-P-JAGUAR_023369_20240526_180004,OOSTENDE_RT1,135,2024-05-26T18:01:49,75.9
720.0,0.9317103568847156,0.03656924776966736,4.59481592941157,0.004611478667363326,217.53840290334938,2.170948848304998,0.8111377920810267,0.03656924776966734,0.007998224947342477,0.0006099804088478607,0.011714090453182984,0.0005281167766572906,RTBE-P-JAGUAR_023369_20240526_180004,OOSTENDE_RT1,135,2024-05-26T18:01:49,75.9
722.5,0.8627101480106935,0.033269641351047596,4.465900258789728,0.004495420718623585,210.07093075136075,2.149734652617596,0.7455204593197923,0.033269641351047596,0.007433328672158709,0.0005684322744451292,0.011149194177999214,0.000497544617345117,RTBE-P-JAGUAR_023369_20240526_180004,OOSTENDE_RT1,135,2024-05-26T18:01:49,75.9
725.0,0.8138735483802729,0.03091275398685368,4.407244471399193,0.00330944205662985,208.17610482549148,2.127527256835577,0.6982230462062865,0.03091275398685368,0.006821042149183287,0.0005261435374346484,0.010536907655023794,0.0004665054181349839,RTBE-P-JAGUAR_023369_20240526_180004,OOSTENDE_RT1,135,2024-05-26T18:01:49,75.9
727.5,0.7840881565650313,0.029255500174210358,4.421517381481944,0.0020882192258033605,212.30563146601324,2.1688875484002286,0.6680631189575637,0.029255500174210358,0.0061697987234069765,0.00048055238589823365,0.009885664229247481,0.0004329082737454718,RTBE-P-JAGUAR_023369_20240526_180004,OOSTENDE_RT1,135,2024-05-26T18:01:49,75.9
730.0,0.7732385009247467,0.02824551862921979,4.511591041905696,0.0032077620379544897,220.54421305472215,2.2020314429147456,0.6548498403940994,0.028245518629219788,0.005612293321324431,0.0004345776869807597,0.009328158827164939,0.0004023497719270155,RTBE-P-JAGUAR_023369_20240526_180004,OOSTENDE_RT1,135,2024-05-26T18:01:49,75.9
732.5,0.7842653819788036,0.028377847807505907,4.6807770115285345,0.002919563000107174,231.82973019210343,2.216782486571563,0.6614371124192835,0.028377847807505907,0.005247462758684413,0.0003911605649952573,0.008963328264524919,0.00038455653691558505,RTBE-P-JAGUAR_023369_20240526_180004,OOSTENDE_RT1,135,2024-05-26T18:01:49,75.9
735.0,0.7979984760070283,0.02876560026597817,4.82948382977625,0.0034201197729660333,244.04357054184084,2.2219505644514688,0.6712679908298695,0.02876560026597817,0.004925421719628687,0.0003594288231968259,0.008641287225469195,0.0003703019025293432,RTBE-P-JAGUAR_023369_20240526_180004,OOSTENDE_RT1,135,2024-05-26T18:01:49,75.9
737.5,0.8107661714872489,0.029266267518791717,4.9473030962262206,0.0040406996664116455,254.2765085224579,2.2148664868000374,0.6809439909391767,0.029266267518791717,0.004697214616547959,0.0003347781103313879,0.008413080122388466,0.00036158547075106296,RTBE-P-JAGUAR_023369_20240526_180004,OOSTENDE_RT1,135,2024-05-26T18:01:49,75.9
740.0,0.8207662603279879,0.02983878188764916,5.028784412665995,0.006214693463829741,262.6809922600485,2.2020374489872547,0.6888059285552196,0.02983878188764916,0.004522064563937486,0.00031480795452121593,0.008237930069777995,0.00035686365109168183,RTBE-P-JAGUAR_023369_20240526_180004,OOSTENDE_RT1,135,2024-05-26T18:01:49,75.9
742.5,0.8275717108061245,0.030312359445408586,5.072763129147403,0.006602860083286598,269.149829463005,2.184706820253091,0.6944573335341676,0.03031235944540861,0.004390036183249641,0.0003055260974085227,0.008105901689090148,0.00035381440120792754,RTBE-P-JAGUAR_023369_20240526_180004,OOSTENDE_RT1,135,2024-05-26T18:01:49,75.9
745.0,0.8287032459523619,0.030375613204439086,5.0827083987887205,0.0055880308841509034,273.1638313544152,2.163302137986113,0.6953278948597472,0.030375613204439086,0.004280936250440506,0.0002974666982177143,0.007996801756281011,0.000349342747237787,RTBE-P-JAGUAR_023369_20240526_180004,OOSTENDE_RT1,135,2024-05-26T18:01:49,75.9
747.5,0.8237048083166563,0.030255622614976566,5.056505669017345,0.005418014408998905,274.21861953430374,2.17446351999495,0.6910170430559722,0.030255622614976566,0.004200788985589507,0.00029091357137651035,0.007916654491430013,0.0003466243171175511,RTBE-P-JAGUAR_023369_20240526_180004,OOSTENDE_RT1,135,2024-05-26T18:01:49,75.9
750.0,0.8104077774755041,0.0299657518652894,4.9811687855522155,0.006357823695909295,271.19392827130235,2.1357592317997103,0.6796969273738284,0.0299657518652894,0.004157949690969468,0.00028595416693031093,0.007873815196809972,0.0003471323510794461,RTBE-P-JAGUAR_023369_20240526_180004,OOSTENDE_RT1,135,2024-05-26T18:01:49,75.9
752.5,0.7794581345070601,0.029196682468422205,4.799601965525931,0.005143094466624304,261.781591209336,2.0365241793404674,0.6535117793296942,0.029196682468422205,0.004126808975172971,0.0002825314406135395,0.007842674481013478,0.0003503840080131578,RTBE-P-JAGUAR_023369_20240526_180004,OOSTENDE_RT1,135,2024-05-26T18:01:49,75.9
755.0,0.70216216974312,0.026188615727163543,4.3342876886430926,0.004837710105958557,238.578530650781,1.9037649297145398,0.5884261265054367,0.026188615727163543,0.004032506450208031,0.0002810824249823714,0.007748371956048537,0.0003448506558897853,RTBE-P-JAGUAR_023369_20240526_180004,OOSTENDE_RT1,135,2024-05-26T18:01:49,75.9
757.5,0.5951757075459874,0.022251149049033414,3.6933875899670494,0.005384837492703635,204.32343438966754,1.709558255003507,0.4982575237976619,0.02225114904903339,0.003945136185102748,0.0002851337424256049,0.0076610016909432555,0.000342124468469241,RTBE-P-JAGUAR_023369_20240526_180004,OOSTENDE_RT1,135,2024-05-26T18:01:49,75.9
760.0,0.48108300177556945,0.01830528045791103,3.014982430715683,0.005561656365982355,175.18316153635203,1.5333485978122445,0.4019668478111592,0.01830528045791103,0.003492681736915694,0.0002926222886946235,0.007208547242756201,0.0003282720445511583,RTBE-P-JAGUAR_023369_20240526_180004,OOSTENDE_RT1,135,2024-05-26T18:01:49,75.9
762.5,0.4213722735075993,0.016242725606166485,2.6693319638470547,0.002141359760039285,158.76714879838298,1.4282782500627942,0.3513263334442888,0.016242725606166485,0.003235977092043679,0.0003020229015725117,0.006951842597884184,0.00032140167424312376,RTBE-P-JAGUAR_023369_20240526_180004,OOSTENDE_RT1,135,2024-05-26T18:01:49,75.9
765.0,0.4614770408283153,0.017834051326417164,2.9158778720483505,0.004605729701811677,169.70050489462238,1.519507073242024,0.3849614895878945,0.017834051326417164,0.0034107614205513737,0.0002948080615040252,0.0071266269263918795,0.0003301541422378581,RTBE-P-JAGUAR_023369_20240526_180004,OOSTENDE_RT1,135,2024-05-26T18:01:49,75.9
767.5,0.5360428285901625,0.02079171075181836,3.3625769735752464,0.00385251239831198,195.48702777377912,1.6712773963742524,0.4478054462265744,0.02079171075181836,0.0034806340068069723,0.000278195089943522,0.007196499512647479,0.00033413514184207053,RTBE-P-JAGUAR_023369_20240526_180004,OOSTENDE_RT1,135,2024-05-26T18:01:49,75.9
770.0,0.6181593564527927,0.024160390986252757,3.8455936720021318,0.0036304024865733996,221.22596426464148,1.8142134185718601,0.5172471329057847,0.024160390986252753,0.003629473899634139,0.00026461878295037255,0.007345339405474646,0.00034309764264139827,RTBE-P-JAGUAR_023369_20240526_180004,OOSTENDE_RT1,135,2024-05-26T18:01:49,75.9
772.5,0.6723570470083244,0.026532713277420985,4.146285791874331,0.007843533607325844,242.27225710509558,1.9317586455987237,0.5635543615437502,0.026532713277420985,0.003591856241913395,0.0002615507441509636,0.007307721747753903,0.0003440549822260147,RTBE-P-JAGUAR_023369_20240526_180004,OOSTENDE_RT1,135,2024-05-26T18:01:49,75.9
775.0,0.6939512653547203,0.027737467727661162,4.2471639115223505,0.008525992689422569,253.91828372405658,2.0235362935269294,0.5825014371524623,0.027737467727661162,0.0034911075755166003,0.00026371345478221737,0.007206973081357107,0.00034318058378617067,RTBE-P-JAGUAR_023369_20240526_180004,OOSTENDE_RT1,135,2024-05-26T18:01:49,75.9
777.5,0.702350821830328,0.028177212205305915,4.274298582239296,0.009473467444282195,258.9039404909539,2.051613153169771,0.5901889527337866,0.028177212205305915,0.0034456063304798114,0.00026171466662912145,0.007161471836320318,0.0003419079782832529,RTBE-P-JAGUAR_023369_20240526_180004,OOSTENDE_RT1,135,2024-05-26T18:01:49,75.9
780.0,0.7015959255864195,0.02818455013541294,4.2501312367689055,0.008742654874367725,260.3819155598584,2.0558345428938094,0.5900682318023668,0.02818455013541294,0.003403499977592544,0.00025956613142462143,0.007119365483433049,0.0003400557809852632,RTBE-P-JAGUAR_023369_20240526_180004,OOSTENDE_RT1,135,2024-05-26T18:01:49,75.9
782.5,0.6947730497697557,0.02824407449010333,4.188418436588424,0.0032974159391344245,259.1229835811848,2.050386980528932,0.5848647615752388,0.02824407449010333,0.003375002362824048,0.00026634705410866547,0.007090867868664554,0.00034242958960740505,RTBE-P-JAGUAR_023369_20240526_180004,OOSTENDE_RT1,135,2024-05-26T18:01:49,75.9
785.0,0.68080925341578,0.027206678643317193,4.086756689327518,0.004649471973898371,255.33526707569135,2.05514264491079,0.5735686711311365,0.027206678643317193,0.003341205552896867,0.00027491020195572613,0.007057071058737374,0.00033474538293641306,RTBE-P-JAGUAR_023369_20240526_180004,OOSTENDE_RT1,135,2024-05-26T18:01:49,75.9
787.5,0.6658378403063012,0.026922046149749072,3.979643191149733,0.0075155878049452795,250.57081261223865,2.0264068756297853,0.561408023327341,0.026922046149749072,0.003322924460814199,0.00028035735401652005,0.007038789966654704,0.00033754171733697754,RTBE-P-JAGUAR_023369_20240526_180004,OOSTENDE_RT1,135,2024-05-26T18:01:49,75.9
790.0,0.6519971062200317,0.026835908129553665,3.8770657040828613,0.008041998537567166,246.09051498346972,2.0203579050606657,0.5502590250791933,0.026835908129553665,0.0033087437558223993,0.0002829886473906475,0.007024609261662906,0.0003425873274225114,RTBE-P-JAGUAR_023369_20240526_180004,OOSTENDE_RT1,135,2024-05-26T18:01:49,75.9
792.5,0.6413689516676616,0.02624489436240736,3.788430509543604,0.004563739839939575,242.3139234395477,2.03651220908424,0.5419567466667279,0.02624489436240736,0.003310587244887961,0.00028397286779374096,0.007026452750728468,0.0003402642578388564,RTBE-P-JAGUAR_023369_20240526_180004,OOSTENDE_RT1,135,2024-05-26T18:01:49,75.9
795.0,0.6359040713632782,0.026032382491077803,3.720975611260995,0.004529610399017657,239.7534695538058,2.034097652536576,0.5382619503481785,0.026032382491077814,0.003337211941037713,0.00029416950621290693,0.007053077446878219,0.00034111348520466663,RTBE-P-JAGUAR_023369_20240526_180004,OOSTENDE_RT1,135,2024-05-26T18:01:49,75.9
797.5,0.6309999074569855,0.025982550353410624,3.6602205153935468,0.004485336760747898,237.56809899701136,2.0239118148618593,0.5349520609125434,0.025982550353410624,0.003358322786614988,0.0003034187892215131,0.007074188292455493,0.0003435923832215728,RTBE-P-JAGUAR_023369_20240526_180004,OOSTENDE_RT1,135,2024-05-26T18:01:49,75.9
800.0,0.6263244866684234,0.02601532559193741,3.6047278837005687,0.007110750516916954,235.7503031313186,2.0294049679844357,0.5317328222722368,0.02601532559193741,0.0033699702531596615,0.0003098429438998607,0.007085835759000167,0.0003466784758060386,RTBE-P-JAGUAR_023369_20240526_180004,OOSTENDE_RT1,135,2024-05-26T18:01:49,75.9
802.5,0.6214205348592463,0.026048042221243295,3.5516435393630985,0.00732282408536886,233.93427216276973,2.0515465709643355,0.5282218567428193,0.026048042221243285,0.003377827475811035,0.0003120210200834372,0.00709369298165154,0.00034980910375422176,RTBE-P-JAGUAR_023369_20240526_180004,OOSTENDE_RT1,135,2024-05-26T18:01:49,75.9
805.0,0.6135943703307912,0.02609411327009202,3.478008837031148,0.007482849270849387,231.027956962226,2.079279959243352,0.5223279404382569,0.026094113270092045,0.003386918252550326,0.0003118096470657492,0.0071027837583908324,0.00035483616627690064,RTBE-P-JAGUAR_023369_20240526_180004,OOSTENDE_RT1,135,2024-05-26T18:01:49,75.9
807.5,0.5924254028922774,0.025187580258964788,3.3585703632278765,0.008171292989973948,223.42428452549407,2.011268292670666,0.5042931579908149,0.025187580258964788,0.0033750542827770307,0.000316317492172998,0.007090919788617537,0.0003541652478436736,RTBE-P-JAGUAR_023369_20240526_180004,OOSTENDE_RT1,135,2024-05-26T18:01:49,75.9
810.0,0.5569609594475478,0.023705994956371435,3.1846043220936715,0.008034690813522212,211.53752134528372,1.9608491863071607,0.47339375743148776,0.023705994956371435,0.003314614671595818,0.00032067938027200213,0.007030480177436325,0.0003520632137851869,RTBE-P-JAGUAR_023369_20240526_180004,OOSTENDE_RT1,135,2024-05-26T18:01:49,75.9
812.5,0.5090205603391765,0.021891923573000016,2.9604295521983643,0.006814304100514262,196.73674134601433,1.9373643402105425,0.4313359284599392,0.021891923573000016,0.003171926651374311,0.0003225454822817349,0.006887792157214815,0.000349581404059783,RTBE-P-JAGUAR_023369_20240526_180004,OOSTENDE_RT1,135,2024-05-26T18:01:49,75.9
815.0,0.4631351824110561,0.019944649334241216,2.741299326143432,0.007051031401455723,182.40618095591242,1.9115437990484385,0.39120074679372635,0.019944649334241216,0.003021808545364256,0.00032420806321312233,0.006737674051204762,0.00034350789813433557,RTBE-P-JAGUAR_023369_20240526_180004,OOSTENDE_RT1,135,2024-05-26T18:01:49,75.9
817.5,0.4363951399252374,0.019123757823134715,2.6136985627308684,0.0074505760919164376,174.66686308706016,1.8282889520300063,0.3678090759406167,0.019123757823134715,0.002899621086614905,0.00032450928823095224,0.006615486592455411,0.0003439636804849744,RTBE-P-JAGUAR_023369_20240526_180004,OOSTENDE_RT1,135,2024-05-26T18:01:49,75.9
820.0,0.42366667064151287,0.018885372003592128,2.557671576718675,0.005844144554635187,171.94014686787355,1.8025155743211203,0.3565508107968381,0.018885372003592138,0.002798828288690182,0.00031596713668318143,0.00651469379453069,0.00034506278508874,RTBE-P-JAGUAR_023369_20240526_180004,OOSTENDE_RT1,135,2024-05-26T18:01:49,75.9
822.5,0.42138318739406394,0.019055393768100386,2.5580075230411667,0.005580679421242321,173.128846174385,1.8256020199396614,0.3542585119819407,0.019055393768100386,0.002712502517782233,0.00030038948637333806,0.00642836802362274,0.00034577880229633276,RTBE-P-JAGUAR_023369_20240526_180004,OOSTENDE_RT1,135,2024-05-26T18:01:49,75.9
825.0,0.4227753075950972,0.019471595140780625,2.5837455677429193,0.003338840501767534,176.3573315589251,1.831255405859423,0.3549752401519552,0.019471595140780625,0.0026075892482650526,0.0002909420942265335,0.006323454754105559,0.00034686292714466603,RTBE-P-JAGUAR_023369_20240526_180004,OOSTENDE_RT1,135,2024-05-26T18:01:49,75.9
827.5,0.42291226904376056,0.01974234914274507,2.6121447572637284,0.008991184508608155,180.63910569034172,1.8544888449170516,0.354366978468403,0.019742349142745082,0.002447122801572662,0.0002838555819949883,0.006162988307413169,0.00034334990086683573,RTBE-P-JAGUAR_023369_20240526_180004,OOSTENDE_RT1,135,2024-05-26T18:01:49,75.9
830.0,0.4251556601165687,0.019982603174459466,2.64821711699031,0.006618990879869557,185.87474344042064,1.8638747621431027,0.355663794749626,0.01998260317445947,0.0022954448209519178,0.0002719092932881537,0.006011310326792424,0.0003377392655425735,RTBE-P-JAGUAR_023369_20240526_180004,OOSTENDE_RT1,135,2024-05-26T18:01:49,75.9
832.5,0.43088347149857725,0.020526244612850596,2.69564904035671,0.010257513989636353,192.22084925629943,1.8632885008448588,0.3601469450305768,0.020526244612850596,0.0021702545539676677,0.00025818690598342444,0.005886120059808173,0.0003354740109151047,RTBE-P-JAGUAR_023369_20240526_180004,OOSTENDE_RT1,135,2024-05-26T18:01:49,75.9
835.0,0.4416542427023478,0.02183425844662589,2.7599002952027383,0.012604543686279876,200.04830626870773,1.867230651663867,0.3692316990559327,0.02183425844662589,0.0020826119462429922,0.0002482029053948146,0.005798477452083498,0.0003428889112430869,RTBE-P-JAGUAR_023369_20240526_180004,OOSTENDE_RT1,135,2024-05-26T18:01:49,75.9
837.5,0.4536275749940238,0.02213488008996387,2.8246225423738633,0.008819654789076009,207.404571634769,1.8925250034453465,0.3795066548595912,0.02213488008996387,0.002032586948692858,0.00023522249516138812,0.005748452454533364,0.0003352808288198026,RTBE-P-JAGUAR_023369_20240526_180004,OOSTENDE_RT1,135,2024-05-26T18:01:49,75.9
840.0,0.46354272643419686,0.022440894156664146,2.8709582980612236,0.009374932384573702,213.45982885042926,1.9431647690469138,0.38820590973477226,0.022440894156664143,0.0019975506468420793,0.00022647315983422096,0.005713416152682587,0.0003302736098039386,RTBE-P-JAGUAR_023369_20240526_180004,OOSTENDE_RT1,135,2024-05-26T18:01:49,75.9
842.5,0.46996102013543434,0.022716431612226796,2.8942948768835914,0.010271995816095976,217.84756011543573,1.977309467241833,0.39401182827113207,0.022716431612226796,0.001966202562620568,0.0002218746101799053,0.005682068068461075,0.00032759501474760805,RTBE-P-JAGUAR_023369_20240526_180004,OOSTENDE_RT1,135,2024-05-26T18:01:49,75.9
845.0,0.4715529929401683,0.02286916954259706,2.8913754774381957,0.010362994121688122,220.05214204334558,1.9193809876459933,0.3956804090367126,0.02286916954259706,0.0019330986653616224,0.0002211384878811407,0.005648964171202127,0.0003264935953887253,RTBE-P-JAGUAR_023369_20240526_180004,OOSTENDE_RT1,135,2024-05-26T18:01:49,75.9
847.5,0.46579652413865485,0.02281878360349257,2.854133770747854,0.010993101008579335,219.09902819461786,1.9138968311942928,0.39090119986046046,0.02281878360349257,0.0018891449220022984,0.00021737249787932798,0.005605010427842804,0.0003271914235462066,RTBE-P-JAGUAR_023369_20240526_180004,OOSTENDE_RT1,135,2024-05-26T18:01:49,75.9
850.0,0.45780435713904377,0.022520877368435072,2.8014634595329237,0.01247707254382814,217.1930851172519,1.8430689898431176,0.3842911544974403,0.022520877368435076,0.0018427196910912656,0.00022050360095124833,0.005558585196931771,0.0003257535701694969,RTBE-P-JAGUAR_023369_20240526_180004,OOSTENDE_RT1,135,2024-05-26T18:01:49,75.9
852.5,0.4503168585122598,0.022339610878546978,2.7533643416760363,0.01496550893728231,215.43902815372167,1.7667335330531369,0.3780658248223388,0.022339610878546978,0.0017971969509198735,0.00022042224246641003,0.0055130624567603795,0.0003257625046935372,RTBE-P-JAGUAR_023369_20240526_180004,OOSTENDE_RT1,135,2024-05-26T18:01:49,75.9
855.0,0.44556962166936737,0.02244477228188079,2.723684533108974,0.020270646168605223,215.13642945402898,1.769204611702319,0.3740974158360547,0.02244477228188079,0.0017470014586249852,0.0002107393415115085,0.00546286696446549,0.0003277563539155036,RTBE-P-JAGUAR_023369_20240526_180004,OOSTENDE_RT1,135,2024-05-26T18:01:49,75.9
857.5,0.4469094749496492,0.022822353837117983,2.7168546071851516,0.01563866292635512,216.69668088672543,1.7788145673776872,0.37561649320250373,0.022822353837117986,0.0017296909779202637,0.00020971501174601312,0.00544555648376077,0.00033087049999531786,RTBE-P-JAGUAR_023369_20240526_180004,OOSTENDE_RT1,135,2024-05-26T18:01:49,75.9
860.0,0.44552562375540544,0.022908280186032432,2.7088580202708137,0.011596732161679986,217.3441789543056,1.7306625651968754,0.3744424804454791,0.02290828018603244,0.0016964981995926706,0.00021521400788454014,0.005412363705433177,0.0003311268104122852,RTBE-P-JAGUAR_023369_20240526_180004,OOSTENDE_RT1,135,2024-05-26T18:01:49,75.9
862.5,0.4422045680927795,0.022961664610675028,2.6868653174327943,0.010976275820321546,217.00103587890302,1.6978919489622266,0.37169853529802555,0.022961664610675014,0.001665331791733733,0.0002192378011253745,0.0053811972975742394,0.0003324232834323647,RTBE-P-JAGUAR_023369_20240526_180004,OOSTENDE_RT1,135,2024-05-26T18:01:49,75.9
865.0,0.43744647094827704,0.023021085221728355,2.651236831299106,0.010052565790647046,215.68809601030068,1.7606640633787423,0.3678753652581573,0.023021085221728348,0.001642402132984099,0.00021937466202630776,0.005358267638824606,0.00033531230303406447,RTBE-P-JAGUAR_023369_20240526_180004,OOSTENDE_RT1,135,2024-05-26T18:01:49,75.9
867.5,0.43202059303984297,0.022843970866602187,2.618962357929786,0.011922231971497456,215.0028612500715,1.7708872010407626,0.3632964018054075,0.022843970866602187,0.0015925722533202187,0.00021460046008418008,0.005308437759160726,0.00033379300459571366,RTBE-P-JAGUAR_023369_20240526_180004,OOSTENDE_RT1,135,2024-05-26T18:01:49,75.9
870.0,0.4288872785392966,0.02255977450838056,2.6018045669927994,0.013129347763117236,215.00800391101708,1.7908389072565964,0.36061332489683856,0.02255977450838056,0.0015532414654114007,0.000202430898218461,0.005269106971251907,0.00032963248145637553,RTBE-P-JAGUAR_023369_20240526_180004,OOSTENDE_RT1,135,2024-05-26T18:01:49,75.9
872.5,0.42573957588963823,0.022233102518599487,2.578996161221355,0.014876973754164453,215.0001956312002,1.7902487148512114,0.3580641376230287,0.022233102518599474,0.0015161839858727488,0.00019864804201853646,0.005232049491713256,0.0003248711069024012,RTBE-P-JAGUAR_023369_20240526_180004,OOSTENDE_RT1,135,2024-05-26T18:01:49,75.9
875.0,0.4216933560650618,0.021904332882700883,2.5513950023844685,0.00933445525362538,214.4035385449034,1.743376468864154,0.35474219980749094,0.021904332882700876,0.0014820687092241902,0.0002010072451773002,0.005197934215064697,0.0003209578150300272,RTBE-P-JAGUAR_023369_20240526_180004,OOSTENDE_RT1,135,2024-05-26T18:01:49,75.9
877.5,0.41589959049204184,0.021718495258075413,2.5262183948693617,0.014370102155159251,213.24924164658515,1.7653443571421181,0.3496090935922749,0.021718495258075413,0.0014345835723227932,0.00020246939709900184,0.0051504490781633,0.00031995736361338224,RTBE-P-JAGUAR_023369_20240526_180004,OOSTENDE_RT1,135,2024-05-26T18:01:49,75.9
880.0,0.40826951587527366,0.02217007071504142,2.490331710957204,0.016130892506269635,211.8309766016134,1.7702439785670807,0.3429207214480457,0.022170070715041405,0.0013698742502055738,0.0001983794843599049,0.00508573975604608,0.0003287967246590591,RTBE-P-JAGUAR_023369_20240526_180004,OOSTENDE_RT1,135,2024-05-26T18:01:49,75.9
882.5,0.4008024031365052,0.022734831116672967,2.4499812959709923,0.017889509290159016,209.93831233997432,1.7450908862777983,0.33651244394893043,0.022734831116672967,0.0013198281222929836,0.00019675129560458064,0.00503569362813349,0.0003402122157726076,RTBE-P-JAGUAR_023369_20240526_180004,OOSTENDE_RT1,135,2024-05-26T18:01:49,75.9
885.0,0.39145725392611846,0.022649303338539782,2.403453480235094,0.02184111811324508,207.2908276172328,1.6951101473002368,0.32838823115126936,0.022649303338539782,0.0012610168114763121,0.00019888106823202627,0.004976882317316819,0.0003432611360338261,RTBE-P-JAGUAR_023369_20240526_180004,OOSTENDE_RT1,135,2024-05-26T18:01:49,75.9
887.5,0.37820298085693876,0.021432277795104034,2.3462732643965842,0.023142421203310795,202.482513860473,1.7373440249576673,0.31663442412590803,0.021432277795104034,0.0011968371356974297,0.0002051426074474501,0.004912702641537935,0.0003325298821467191,RTBE-P-JAGUAR_023369_20240526_180004,OOSTENDE_RT1,135,2024-05-26T18:01:49,75.9
890.0,0.35811512720274685,0.020710728697549672,2.239689814041656,0.008037986243184147,192.8882208009818,1.7155290432985595,0.2993434267924798,0.020710728697549672,0.0011595753407104609,0.0002007502321352425,0.004875440846550967,0.0003373180220986422,RTBE-P-JAGUAR_023369_20240526_180004,OOSTENDE_RT1,135,2024-05-26T18:01:49,75.9
892.5,0.3272434311670006,0.018671440402277865,2.088629534483021,0.015094857516993477,178.99100081032205,1.701513194818498,0.27243570355263164,0.018671440402277865,0.0010658386076724303,0.00020766410382291146,0.004781704113512936,0.0003277151350301466,RTBE-P-JAGUAR_023369_20240526_180004,OOSTENDE_RT1,135,2024-05-26T18:01:49,75.9
895.0,0.2938823064511634,0.016487535193477593,1.916054531665579,0.026642096075901824,161.81333427951657,1.6934501558588306,0.24360311948572697,0.016487535193477582,0.0010136691395919465,0.00022165507677060313,0.004729534645432452,0.00032010414759860216,RTBE-P-JAGUAR_023369_20240526_180004,OOSTENDE_RT1,135,2024-05-26T18:01:49,75.9
897.5,0.26315438057401747,0.014965461465880793,1.7460395540838307,0.034737050386743885,145.97676309832084,1.5279690312828815,0.2173365566353036,0.014965461465880792,0.0009614743336659494,0.00023655966052304174,0.004677339839506455,0.0003220744370604081,RTBE-P-JAGUAR_023369_20240526_180004,OOSTENDE_RT1,135,2024-05-26T18:01:49,75.9
900.0,0.24098151587035888,0.015289386668380155,1.6333948621220804,0.023473435819054318,137.54048346047892,1.4892605607600766,0.19811960129341333,0.015289386668380155,0.0008094281989353004,0.00023846108753160878,0.004525293704775807,0.00034922826811990007,RTBE-P-JAGUAR_023369_20240526_180004,OOSTENDE_RT1,135,2024-05-26T18:01:49,75.9
902.5,0.23089777504838047,0.015404882239857365,1.5717579774463808,0.02537950902067484,132.6980572798345,1.4984248953232346,0.18965327396221002,0.015404882239857365,0.000774127372898302,0.00022012084627388064,0.004489992878738808,0.0003647066570996912,RTBE-P-JAGUAR_023369_20240526_180004,OOSTENDE_RT1,135,2024-05-26T18:01:49,75.9
905.0,0.2223622151303429,0.014369091086344321,1.5310949623266084,0.015283182751588274,129.3931141795177,1.5101824986376997,0.18218475222393035,0.014369091086344321,0.000707478679142226,0.00021944400210058374,0.004423344184982732,0.00034887351836198114,RTBE-P-JAGUAR_023369_20240526_180004,OOSTENDE_RT1,135,2024-05-26T18:01:49,75.9
907.5,0.21343620390771212,0.012659993157379673,1.4937822812880401,0.009246653400655296,124.33968760704634,1.404915032252058,0.17423786306443262,0.012659993157379673,0.000686464925536463,0.00022728957278006007,0.004402330431376968,0.0003198700452217247,RTBE-P-JAGUAR_023369_20240526_180004,OOSTENDE_RT1,135,2024-05-26T18:01:49,75.9
910.0,0.20396017580400957,0.012472192429283307,1.4391408568239072,0.020598709546298413,118.58823209401957,1.4642028332667223,0.16619568058009346,0.012472192429283307,0.0006869248886973672,0.0002416043139833821,0.004402790394537873,0.00033040840071660586,RTBE-P-JAGUAR_023369_20240526_180004,OOSTENDE_RT1,135,2024-05-26T18:01:49,75.9
912.5,0.19618005682978792,0.013294204120265583,1.3925132296760996,0.018122308999782104,115.19786858987929,1.4708554852716789,0.15963911716985743,0.013294204120265583,0.000637696620485548,0.0002648523036627661,0.004353562126326055,0.0003625498849135718,RTBE-P-JAGUAR_023369_20240526_180004,OOSTENDE_RT1,135,2024-05-26T18:01:49,75.9
915.0,0.19439767052215198,0.013099262467440724,1.3789698829746995,0.01484364487077485,114.8821512589805,1.4327528671651586,0.15821212182301292,0.013099262467440727,0.0006106380822369022,0.00023993508732797895,0.0043265035880774095,0.00035821532138952995,RTBE-P-JAGUAR_023369_20240526_180004,OOSTENDE_RT1,135,2024-05-26T18:01:49,75.9
917.5,0.1966083703157012,0.013035923304489895,1.3909639411619426,0.020969392735721935,118.01957207022245,1.444639380299552,0.16010808553567066,0.013035923304489895,0.0005460918667883666,0.00021948515712452154,0.0042619573726288724,0.00034700651906937756,RTBE-P-JAGUAR_023369_20240526_180004,OOSTENDE_RT1,135,2024-05-26T18:01:49,75.9
920.0,0.19990339673320848,0.013764301748848748,1.414443395620131,0.027193873415028606,121.3698204228099,1.5629941697103888,0.16278698758874063,0.013764301748848752,0.0004977882882182295,0.00024298615052769943,0.004213653794058735,0.00035628156246204364,RTBE-P-JAGUAR_023369_20240526_180004,OOSTENDE_RT1,135,2024-05-26T18:01:49,75.9
922.5,0.194969833747666,0.013872233582870668,1.392811989677692,0.01275442335379846,119.49580756473385,1.5521078711059484,0.15842105432653367,0.013872233582870668,0.00044908747944790486,0.00025936464570985564,0.004164952985288412,0.0003647065784230066,RTBE-P-JAGUAR_023369_20240526_180004,OOSTENDE_RT1,135,2024-05-26T18:01:49,75.9
925.0,0.17849940865777938,0.01138558365008547,1.2904961196369218,0.018637664098669977,110.74408292828561,1.4825608935871735,0.14463549998238692,0.01138558365008547,0.0003871602466703475,0.0002580540474498895,0.004103025752510855,0.000322986700563527,RTBE-P-JAGUAR_023369_20240526_180004,OOSTENDE_RT1,135,2024-05-26T18:01:49,75.9
927.5,0.15254759660737136,0.00915438934814009,1.1313525645436668,0.02418533464840052,93.66079291815178,1.4500026498720542,0.12285977396118102,0.009154389348140092,0.00040512633367386416,0.0002779185772097292,0.00412099183951437,0.00030705871078146616,RTBE-P-JAGUAR_023369_20240526_180004,OOSTENDE_RT1,135,2024-05-26T18:01:49,75.9
930.0,0.12054800632851775,0.008348287045754722,0.9416804410259649,0.033257708292981324,71.08788972687245,1.2195188316028023,0.09583736987555538,0.008348287045754722,0.0005194828537352658,0.0003394781932285943,0.004235348359575772,0.0003689365003486331,RTBE-P-JAGUAR_023369_20240526_180004,OOSTENDE_RT1,135,2024-05-26T18:01:49,75.9
932.5,0.08982189616428041,0.008046940251099912,0.7703845121624958,0.03062369200612532,52.73024635884058,0.9154446965229625,0.06960623618062434,0.008046940251099912,0.00043117448219518915,0.0004044357376523302,0.004147039988035696,0.0004794251899506458,RTBE-P-JAGUAR_023369_20240526_180004,OOSTENDE_RT1,135,2024-05-26T18:01:49,75.9
935.0,0.07314026314225201,0.006843801222156544,0.6663395818751381,0.026114229871220567,40.374853859937964,0.7027661611993546,0.055654846174266505,0.006843801222156543,0.0006146729150362522,0.0004061089080268915,0.004330538420876758,0.0005325204573307372,RTBE-P-JAGUAR_023369_20240526_180004,OOSTENDE_RT1,135,2024-05-26T18:01:49,75.9
937.5,0.06441822838764164,0.006428322386814773,0.6086787672383996,0.02615689516188339,35.203461631986066,0.7094383278256052,0.0484458888565388,0.006428322386814771,0.0006074947966032344,0.0004621113570387875,0.004323360302443741,0.0005736700156491044,RTBE-P-JAGUAR_023369_20240526_180004,OOSTENDE_RT1,135,2024-05-26T18:01:49,75.9
940.0,0.0615291760216471,0.005974274668724769,0.5883118579368866,0.022765889657441595,35.331549803794054,0.7888625433825616,0.046091284557525244,0.005974274668724769,0.00038245573295464985,0.00046512958570256457,0.004098321238795156,0.0005312174958081759,RTBE-P-JAGUAR_023369_20240526_180004,OOSTENDE_RT1,135,2024-05-26T18:01:49,75.9
942.5,0.0622786662395245,0.005281202766508545,0.5955822645364074,0.04260075460661371,35.47769801769085,0.9151177868437743,0.04664999203582464,0.005281202766508542,0.00041504716489392803,0.00042907088104651703,0.004130912670734435,0.00046765683064070503,RTBE-P-JAGUAR_023369_20240526_180004,OOSTENDE_RT1,135,2024-05-26T18:01:49,75.9
945.0,0.06335388521034092,0.00774474412533773,0.6299398083643851,0.028297033180195042,35.87645587957729,0.9292094652200239,0.046823634699051105,0.00774474412533773,0.0003843384629870928,0.000673302387802849,0.004100203968827599,0.0006781838019274383,RTBE-P-JAGUAR_023369_20240526_180004,OOSTENDE_RT1,135,2024-05-26T18:01:49,75.9
