date,icase,490.000000,665.000000,865.000000,3.000000,4.000000,5.000000
1970-01-01 00:00:00,0,0.113196,0.086552,0.009658,0.0,0.0,0.0
1970-01-01 00:00:00,1,0.102962,0.079049,0.00868,0.0,0.0,0.0
1970-01-01 00:00:00,2,0.090774,0.074275,0.008182,0.0,0.0,0.0
1970-01-01 00:00:00,3,0.07416,0.070958,0.008785,0.0,0.0,0.0
1970-01-01 00:00:00,4,0.077619,0.084791,0.019874,0.0,0.0,0.0
1970-01-01 00:00:00,5,0.079536,0.087553,0.019471,0.0,0.0,0.0
1970-01-01 00:00:00,6,0.078177,0.065299,0.006612,0.0,0.0,0.0
1970-01-01 00:00:00,7,0.096473,0.104955,0.029626,0.0,0.0,0.0
1970-01-01 00:00:00,8,0.082051,0.082134,0.014732,0.0,0.0,0.0
1970-01-01 00:00:00,9,0.042804,0.049607,0.013051,0.0,0.0,0.0
1970-01-01 00:00:00,10,0.048136,0.056735,0.014704,0.0,0.0,0.0
1970-01-01 00:00:00,11,0.071612,0.086641,0.026642,0.0,0.0,0.0
1970-01-01 00:00:00,12,0.072855,0.087139,0.025263,0.0,0.0,0.0
1970-01-01 00:00:00,13,0.059073,0.05763,0.011556,0.0,0.0,0.0
1970-01-01 00:00:00,14,0.057026,0.055177,0.011139,0.0,0.0,0.0
1970-01-01 00:00:00,15,0.055684,0.056859,0.012687,0.0,0.0,0.0
1970-01-01 00:00:00,16,0.060742,0.067113,0.018108,0.0,0.0,0.0
1970-01-01 00:00:00,17,0.061927,0.070416,0.017163,0.0,0.0,0.0
1970-01-01 00:00:00,18,0.041154,0.031929,0.006478,0.0,0.0,0.0
1970-01-01 00:00:00,19,0.030726,0.018355,0.003195,0.0,0.0,0.0
1970-01-01 00:00:00,20,0.02267,0.011686,0.002849,0.0,0.0,0.0
1970-01-01 00:00:00,21,0.017842,0.009008,0.002189,0.0,0.0,0.0
1970-01-01 00:00:00,22,0.029238,0.019367,0.005515,0.0,0.0,0.0
1970-01-01 00:00:00,23,0.045229,0.026946,0.004031,0.0,0.0,0.0
1970-01-01 00:00:00,24,0.038787,0.019428,0.004009,0.0,0.0,0.0
1970-01-01 00:00:00,25,0.032649,0.023668,0.006061,0.0,0.0,0.0
1970-01-01 00:00:00,26,0.043785,0.042761,0.010214,0.0,0.0,0.0
1970-01-01 00:00:00,27,0.029152,0.025738,0.003661,0.0,0.0,0.0
1970-01-01 00:00:00,28,0.035356,0.032653,0.008017,0.0,0.0,0.0
1970-01-01 00:00:00,29,0.041674,0.036973,0.011059,0.0,0.0,0.0
1970-01-01 00:00:00,30,0.033556,0.026303,0.007246,0.0,0.0,0.0
1970-01-01 00:00:00,31,0.030965,0.020568,0.003821,0.0,0.0,0.0
1970-01-01 00:00:00,32,0.030685,0.022022,0.004765,0.0,0.0,0.0
1970-01-01 00:00:00,33,0.048169,0.041831,0.007353,0.0,0.0,0.0
1970-01-01 00:00:00,34,0.039469,0.033633,0.005583,0.0,0.0,0.0
1970-01-01 00:00:00,35,0.038723,0.028112,0.009584,0.0,0.0,0.0
1970-01-01 00:00:00,36,0.070794,0.066699,0.015787,0.0,0.0,0.0
1970-01-01 00:00:00,37,0.063549,0.06438,0.011327,0.0,0.0,0.0
1970-01-01 00:00:00,38,0.064887,0.061897,0.012115,0.0,0.0,0.0
1970-01-01 00:00:00,39,0.06042,0.056551,0.011515,0.0,0.0,0.0
1970-01-01 00:00:00,40,0.054443,0.043916,0.006856,0.0,0.0,0.0
1970-01-01 00:00:00,41,0.049601,0.04439,0.007288,0.0,0.0,0.0
1970-01-01 00:00:00,42,0.042103,0.0303,0.005062,0.0,0.0,0.0
1970-01-01 00:00:00,43,0.047302,0.04432,0.009685,0.0,0.0,0.0
1970-01-01 00:00:00,44,0.054288,0.053889,0.011173,0.0,0.0,0.0
1970-01-01 00:00:00,45,0.064519,0.072242,0.016844,0.0,0.0,0.0
1970-01-01 00:00:00,46,0.054134,0.028519,0.003225,0.0,0.0,0.0
1970-01-01 00:00:00,47,0.043028,0.026667,0.003156,0.0,0.0,0.0
1970-01-01 00:00:00,48,0.03575,0.028985,0.004169,0.0,0.0,0.0
1970-01-01 00:00:00,49,0.037774,0.026749,0.004464,0.0,0.0,0.0
1970-01-01 00:00:00,50,0.043966,0.035104,0.006088,0.0,0.0,0.0
1970-01-01 00:00:00,51,0.04412,0.030427,0.005584,0.0,0.0,0.0
1970-01-01 00:00:00,52,0.044961,0.034531,0.004935,0.0,0.0,0.0
1970-01-01 00:00:00,53,0.042858,0.030601,0.005007,0.0,0.0,0.0
1970-01-01 00:00:00,54,0.050719,0.042915,0.008032,0.0,0.0,0.0
1970-01-01 00:00:00,55,0.065986,0.07012,0.013987,0.0,0.0,0.0
1970-01-01 00:00:00,56,0.06336,0.060761,0.00987,0.0,0.0,0.0
1970-01-01 00:00:00,57,0.044569,0.025999,0.004577,0.0,0.0,0.0
1970-01-01 00:00:00,58,0.043138,0.026708,0.005243,0.0,0.0,0.0
1970-01-01 00:00:00,59,0.038409,0.029948,0.007325,0.0,0.0,0.0
1970-01-01 00:00:00,60,0.056198,0.04137,0.008982,0.0,0.0,0.0
1970-01-01 00:00:00,61,0.055905,0.04371,0.005422,0.0,0.0,0.0
1970-01-01 00:00:00,62,0.066448,0.06725,0.011558,0.0,0.0,0.0
1970-01-01 00:00:00,63,0.060115,0.049472,0.007755,0.0,0.0,0.0
1970-01-01 00:00:00,64,0.067841,0.065709,0.01065,0.0,0.0,0.0
1970-01-01 00:00:00,65,0.056851,0.046144,0.006338,0.0,0.0,0.0
1970-01-01 00:00:00,66,0.048735,0.034062,0.003879,0.0,0.0,0.0
1970-01-01 00:00:00,67,0.045396,0.035843,0.005056,0.0,0.0,0.0
1970-01-01 00:00:00,68,0.041277,0.031539,0.004851,0.0,0.0,0.0
1970-01-01 00:00:00,69,0.046449,0.039468,0.005562,0.0,0.0,0.0
1970-01-01 00:00:00,70,0.044791,0.037123,0.00792,0.0,0.0,0.0
1970-01-01 00:00:00,71,0.034226,0.024355,0.003326,0.0,0.0,0.0
1970-01-01 00:00:00,72,0.044253,0.040844,0.005785,0.0,0.0,0.0
1970-01-01 00:00:00,73,0.043645,0.041748,0.006942,0.0,0.0,0.0
1970-01-01 00:00:00,74,0.053521,0.063106,0.016944,0.0,0.0,0.0
1970-01-01 00:00:00,75,0.038842,0.034018,0.005769,0.0,0.0,0.0
1970-01-01 00:00:00,76,0.042143,0.047822,0.00877,0.0,0.0,0.0
1970-01-01 00:00:00,77,0.042613,0.047984,0.009092,0.0,0.0,0.0
1970-01-01 00:00:00,78,0.036965,0.035667,0.004522,0.0,0.0,0.0
1970-01-01 00:00:00,79,0.042905,0.052297,0.009677,0.0,0.0,0.0
1970-01-01 00:00:00,80,0.052353,0.041447,0.005558,0.0,0.0,0.0
1970-01-01 00:00:00,81,0.042403,0.038878,0.006669,0.0,0.0,0.0
1970-01-01 00:00:00,82,0.059289,0.077788,0.022226,0.0,0.0,0.0
1970-01-01 00:00:00,83,0.057053,0.052813,0.008897,0.0,0.0,0.0
1970-01-01 00:00:00,84,0.060776,0.055791,0.008237,0.0,0.0,0.0
1970-01-01 00:00:00,85,0.060399,0.048272,0.007991,0.0,0.0,0.0
1970-01-01 00:00:00,86,0.06282,0.049913,0.006884,0.0,0.0,0.0
1970-01-01 00:00:00,87,0.055936,0.047039,0.006601,0.0,0.0,0.0
1970-01-01 00:00:00,88,0.054003,0.047757,0.007363,0.0,0.0,0.0
1970-01-01 00:00:00,89,0.05407,0.048283,0.006903,0.0,0.0,0.0
1970-01-01 00:00:00,90,0.042372,0.026687,0.004327,0.0,0.0,0.0
1970-01-01 00:00:00,91,0.041015,0.025789,0.003847,0.0,0.0,0.0
1970-01-01 00:00:00,92,0.046211,0.032559,0.006076,0.0,0.0,0.0
1970-01-01 00:00:00,93,0.054101,0.041303,0.005691,0.0,0.0,0.0
1970-01-01 00:00:00,94,0.062501,0.062278,0.010236,0.0,0.0,0.0
1970-01-01 00:00:00,95,0.060991,0.058033,0.010364,0.0,0.0,0.0
1970-01-01 00:00:00,96,0.047837,0.035314,0.005503,0.0,0.0,0.0
1970-01-01 00:00:00,97,0.055979,0.052683,0.008779,0.0,0.0,0.0
1970-01-01 00:00:00,98,0.058987,0.056422,0.011857,0.0,0.0,0.0
1970-01-01 00:00:00,99,0.058497,0.056853,0.011777,0.0,0.0,0.0
1970-01-01 00:00:00,100,0.058507,0.061398,0.008986,0.0,0.0,0.0
1970-01-01 00:00:00,101,0.060162,0.058183,0.009495,0.0,0.0,0.0
1970-01-01 00:00:00,102,0.044828,0.036207,0.005321,0.0,0.0,0.0
1970-01-01 00:00:00,103,0.032906,0.024455,0.004069,0.0,0.0,0.0
1970-01-01 00:00:00,104,0.028101,0.020859,0.003503,0.0,0.0,0.0
1970-01-01 00:00:00,105,0.026045,0.022748,0.004881,0.0,0.0,0.0
1970-01-01 00:00:00,106,0.030273,0.025857,0.004702,0.0,0.0,0.0
1970-01-01 00:00:00,107,0.048359,0.048149,0.009375,0.0,0.0,0.0
1970-01-01 00:00:00,108,0.052897,0.051102,0.010256,0.0,0.0,0.0
1970-01-01 00:00:00,109,0.057882,0.057581,0.010977,0.0,0.0,0.0
1970-01-01 00:00:00,110,0.062809,0.069579,0.015592,0.0,0.0,0.0
1970-01-01 00:00:00,111,0.07425,0.081133,0.017241,0.0,0.0,0.0
1970-01-01 00:00:00,112,0.06177,0.061553,0.012874,0.0,0.0,0.0
1970-01-01 00:00:00,113,0.058155,0.054747,0.009014,0.0,0.0,0.0
1970-01-01 00:00:00,114,0.043369,0.033454,0.004125,0.0,0.0,0.0
1970-01-01 00:00:00,115,0.052218,0.050811,0.008565,0.0,0.0,0.0
1970-01-01 00:00:00,116,0.052283,0.049636,0.00857,0.0,0.0,0.0
1970-01-01 00:00:00,117,0.056089,0.049408,0.010552,0.0,0.0,0.0
1970-01-01 00:00:00,118,0.069696,0.082815,0.021479,0.0,0.0,0.0
1970-01-01 00:00:00,119,0.093587,0.101378,0.021359,0.0,0.0,0.0
1970-01-01 00:00:00,120,0.077318,0.060502,0.00575,0.0,0.0,0.0
1970-01-01 00:00:00,121,0.073595,0.054529,0.005081,0.0,0.0,0.0
1970-01-01 00:00:00,122,0.077654,0.069154,0.007807,0.0,0.0,0.0
1970-01-01 00:00:00,123,0.084778,0.094021,0.020815,0.0,0.0,0.0
1970-01-01 00:00:00,124,0.087017,0.093229,0.017149,0.0,0.0,0.0
1970-01-01 00:00:00,125,0.079465,0.085444,0.018285,0.0,0.0,0.0
1970-01-01 00:00:00,126,0.087383,0.09505,0.018993,0.0,0.0,0.0
1970-01-01 00:00:00,127,0.095403,0.110013,0.024561,0.0,0.0,0.0
1970-01-01 00:00:00,128,0.092332,0.085608,0.012368,0.0,0.0,0.0
1970-01-01 00:00:00,129,0.084211,0.071161,0.00912,0.0,0.0,0.0
1970-01-01 00:00:00,130,0.100434,0.086678,0.012319,0.0,0.0,0.0
1970-01-01 00:00:00,131,0.074278,0.05767,0.006425,0.0,0.0,0.0
1970-01-01 00:00:00,132,0.080923,0.08852,0.023089,0.0,0.0,0.0
1970-01-01 00:00:00,133,0.080523,0.082767,0.0186,0.0,0.0,0.0
1970-01-01 00:00:00,134,0.077119,0.076802,0.013863,0.0,0.0,0.0
1970-01-01 00:00:00,135,0.10116,0.084007,0.009454,0.0,0.0,0.0
1970-01-01 00:00:00,136,0.064037,0.038649,0.005781,0.0,0.0,0.0
1970-01-01 00:00:00,137,0.037635,0.015792,0.002179,0.0,0.0,0.0
1970-01-01 00:00:00,138,0.0601,0.03114,0.004659,0.0,0.0,0.0
1970-01-01 00:00:00,139,0.055135,0.032681,0.005018,0.0,0.0,0.0
1970-01-01 00:00:00,140,0.049416,0.030172,0.003907,0.0,0.0,0.0
1970-01-01 00:00:00,141,0.048778,0.032176,0.004979,0.0,0.0,0.0
1970-01-01 00:00:00,142,0.059971,0.050438,0.009128,0.0,0.0,0.0
1970-01-01 00:00:00,143,0.056679,0.045485,0.009136,0.0,0.0,0.0
1970-01-01 00:00:00,144,0.052217,0.038687,0.00638,0.0,0.0,0.0
1970-01-01 00:00:00,145,0.048736,0.033924,0.007859,0.0,0.0,0.0
1970-01-01 00:00:00,146,0.050504,0.031221,0.009017,0.0,0.0,0.0
1970-01-01 00:00:00,147,0.048361,0.025686,0.003766,0.0,0.0,0.0
1970-01-01 00:00:00,148,0.075696,0.056759,0.010682,0.0,0.0,0.0
1970-01-01 00:00:00,149,0.084256,0.062528,0.009409,0.0,0.0,0.0
1970-01-01 00:00:00,150,0.09608,0.099964,0.019569,0.0,0.0,0.0
1970-01-01 00:00:00,151,0.095577,0.070035,0.008881,0.0,0.0,0.0
1970-01-01 00:00:00,152,0.07105,0.062769,0.010524,0.0,0.0,0.0
1970-01-01 00:00:00,153,0.093687,0.07234,0.009988,0.0,0.0,0.0
1970-01-01 00:00:00,154,0.084589,0.04738,0.005441,0.0,0.0,0.0
1970-01-01 00:00:00,155,0.085052,0.036051,0.004898,0.0,0.0,0.0
1970-01-01 00:00:00,156,0.05328,0.012937,0.00295,0.0,0.0,0.0
1970-01-01 00:00:00,157,0.050125,0.01246,0.002072,0.0,0.0,0.0
1970-01-01 00:00:00,158,0.033645,0.006603,0.001302,0.0,0.0,0.0
1970-01-01 00:00:00,159,0.062433,0.031519,0.003939,0.0,0.0,0.0
1970-01-01 00:00:00,160,0.057588,0.020786,0.009704,0.0,0.0,0.0
1970-01-01 00:00:00,161,0.069823,0.032743,0.004471,0.0,0.0,0.0
1970-01-01 00:00:00,162,0.071402,0.030409,0.004333,0.0,0.0,0.0
1970-01-01 00:00:00,163,0.065607,0.0258,0.007915,0.0,0.0,0.0
1970-01-01 00:00:00,164,0.063272,0.023185,0.004602,0.0,0.0,0.0
1970-01-01 00:00:00,165,0.055935,0.016432,0.005013,0.0,0.0,0.0
1970-01-01 00:00:00,166,0.046489,0.015138,0.003778,0.0,0.0,0.0
1970-01-01 00:00:00,167,0.045461,0.015791,0.004371,0.0,0.0,0.0
1970-01-01 00:00:00,168,0.043355,0.014819,0.00364,0.0,0.0,0.0
1970-01-01 00:00:00,169,0.042259,0.014805,0.004358,0.0,0.0,0.0
1970-01-01 00:00:00,170,0.041745,0.014396,0.00481,0.0,0.0,0.0
1970-01-01 00:00:00,171,0.028799,0.009575,0.002678,0.0,0.0,0.0
1970-01-01 00:00:00,172,0.030428,0.01234,0.003184,0.0,0.0,0.0
1970-01-01 00:00:00,173,0.034513,0.013177,0.003191,0.0,0.0,0.0
1970-01-01 00:00:00,174,0.036426,0.013088,0.002248,0.0,0.0,0.0
1970-01-01 00:00:00,175,0.036565,0.014645,0.002925,0.0,0.0,0.0
1970-01-01 00:00:00,176,0.035798,0.015699,0.003989,0.0,0.0,0.0
1970-01-01 00:00:00,177,0.034125,0.014834,0.00352,0.0,0.0,0.0
1970-01-01 00:00:00,178,0.033839,0.015977,0.004048,0.0,0.0,0.0
1970-01-01 00:00:00,179,0.030109,0.013556,0.002828,0.0,0.0,0.0
1970-01-01 00:00:00,180,0.029066,0.011144,0.002402,0.0,0.0,0.0
1970-01-01 00:00:00,181,0.026986,0.009257,0.002302,0.0,0.0,0.0
1970-01-01 00:00:00,182,0.031838,0.011125,0.004066,0.0,0.0,0.0
1970-01-01 00:00:00,183,0.032717,0.012214,0.00417,0.0,0.0,0.0
1970-01-01 00:00:00,184,0.019263,0.013623,0.003059,0.0,0.0,0.0
1970-01-01 00:00:00,185,0.018209,0.008185,0.002211,0.0,0.0,0.0
1970-01-01 00:00:00,186,0.021291,0.01268,0.003992,0.0,0.0,0.0
1970-01-01 00:00:00,187,0.018279,0.010252,0.002411,0.0,0.0,0.0
1970-01-01 00:00:00,188,0.015933,0.008249,0.002206,0.0,0.0,0.0
1970-01-01 00:00:00,189,0.013939,0.006296,0.002164,0.0,0.0,0.0
1970-01-01 00:00:00,190,0.008271,0.003679,0.000907,0.0,0.0,0.0
1970-01-01 00:00:00,191,0.012188,0.005667,0.001982,0.0,0.0,0.0
1970-01-01 00:00:00,192,0.012521,0.004824,0.001595,0.0,0.0,0.0
1970-01-01 00:00:00,193,0.012807,0.005063,0.001459,0.0,0.0,0.0
1970-01-01 00:00:00,194,0.010488,0.005347,0.00209,0.0,0.0,0.0
1970-01-01 00:00:00,195,0.007833,0.003104,0.001037,0.0,0.0,0.0
1970-01-01 00:00:00,196,0.008899,0.005311,0.001907,0.0,0.0,0.0
1970-01-01 00:00:00,197,0.008889,0.00482,0.002043,0.0,0.0,0.0
1970-01-01 00:00:00,198,0.007972,0.004412,0.001709,0.0,0.0,0.0
1970-01-01 00:00:00,199,0.007693,0.004872,0.001428,0.0,0.0,0.0
1970-01-01 00:00:00,200,0.005827,0.004012,0.001417,0.0,0.0,0.0
1970-01-01 00:00:00,201,0.009645,0.005896,0.001554,0.0,0.0,0.0
1970-01-01 00:00:00,202,0.008764,0.004694,0.001062,0.0,0.0,0.0
1970-01-01 00:00:00,203,0.009315,0.006879,0.0021,0.0,0.0,0.0
1970-01-01 00:00:00,204,0.010386,0.007245,0.001685,0.0,0.0,0.0
1970-01-01 00:00:00,205,0.010493,0.006548,0.001602,0.0,0.0,0.0
1970-01-01 00:00:00,206,0.01086,0.00625,0.001762,0.0,0.0,0.0
1970-01-01 00:00:00,207,0.008548,0.004602,0.000818,0.0,0.0,0.0
1970-01-01 00:00:00,208,0.012172,0.009385,0.005167,0.0,0.0,0.0
1970-01-01 00:00:00,209,0.011882,0.009023,0.003938,0.0,0.0,0.0
1970-01-01 00:00:00,210,0.009039,0.005556,0.001613,0.0,0.0,0.0
1970-01-01 00:00:00,211,0.009219,0.005785,0.001445,0.0,0.0,0.0
1970-01-01 00:00:00,212,0.009013,0.005512,0.002065,0.0,0.0,0.0
1970-01-01 00:00:00,213,0.009624,0.009229,0.001561,0.0,0.0,0.0
1970-01-01 00:00:00,214,0.022776,0.007928,0.000853,0.0,0.0,0.0
1970-01-01 00:00:00,215,0.025338,0.01071,0.003322,0.0,0.0,0.0
1970-01-01 00:00:00,216,0.016722,0.005735,0.001008,0.0,0.0,0.0
1970-01-01 00:00:00,217,0.019802,0.009181,0.002197,0.0,0.0,0.0
1970-01-01 00:00:00,218,0.017242,0.007193,0.002844,0.0,0.0,0.0
1970-01-01 00:00:00,219,0.020529,0.008516,0.002759,0.0,0.0,0.0
1970-01-01 00:00:00,220,0.012407,0.003619,0.000973,0.0,0.0,0.0
1970-01-01 00:00:00,221,0.011116,0.003311,0.00081,0.0,0.0,0.0
1970-01-01 00:00:00,222,0.012361,0.004408,0.001472,0.0,0.0,0.0
1970-01-01 00:00:00,223,0.01053,0.003227,0.000817,0.0,0.0,0.0
1970-01-01 00:00:00,224,0.010864,0.003684,0.001204,0.0,0.0,0.0
1970-01-01 00:00:00,225,0.010282,0.003386,0.00095,0.0,0.0,0.0
1970-01-01 00:00:00,226,0.01126,0.004636,0.001514,0.0,0.0,0.0
1970-01-01 00:00:00,227,0.011127,0.006476,0.00161,0.0,0.0,0.0
1970-01-01 00:00:00,228,0.008899,0.005607,0.001323,0.0,0.0,0.0
1970-01-01 00:00:00,229,0.00835,0.005013,0.001309,0.0,0.0,0.0
1970-01-01 00:00:00,230,0.007439,0.004415,0.000795,0.0,0.0,0.0
1970-01-01 00:00:00,231,0.008521,0.005151,0.001472,0.0,0.0,0.0
1970-01-01 00:00:00,232,0.008865,0.005588,0.001815,0.0,0.0,0.0
1970-01-01 00:00:00,233,0.016438,0.006722,0.001752,0.0,0.0,0.0
1970-01-01 00:00:00,234,0.018839,0.00745,0.002277,0.0,0.0,0.0
1970-01-01 00:00:00,235,0.019936,0.00747,0.001762,0.0,0.0,0.0
1970-01-01 00:00:00,236,0.011886,0.003376,0.000973,0.0,0.0,0.0
1970-01-01 00:00:00,237,0.01434,0.006175,0.002359,0.0,0.0,0.0
1970-01-01 00:00:00,238,0.009802,0.003155,0.000415,0.0,0.0,0.0
1970-01-01 00:00:00,239,0.013403,0.005081,0.00132,0.0,0.0,0.0
1970-01-01 00:00:00,240,0.01244,0.004289,0.001162,0.0,0.0,0.0
1970-01-01 00:00:00,241,0.012332,0.005228,0.002045,0.0,0.0,0.0
1970-01-01 00:00:00,242,0.019105,0.008423,0.002937,0.0,0.0,0.0
1970-01-01 00:00:00,243,0.021727,0.006326,0.001426,0.0,0.0,0.0
1970-01-01 00:00:00,244,0.018025,0.005454,0.000871,0.0,0.0,0.0
1970-01-01 00:00:00,245,0.019336,0.00872,0.002261,0.0,0.0,0.0
1970-01-01 00:00:00,246,0.022099,0.008991,0.001345,0.0,0.0,0.0
1970-01-01 00:00:00,247,0.019831,0.006389,0.001559,0.0,0.0,0.0
1970-01-01 00:00:00,248,0.027521,0.012024,0.003989,0.0,0.0,0.0
1970-01-01 00:00:00,249,0.022154,0.008259,0.001175,0.0,0.0,0.0
1970-01-01 00:00:00,250,0.023509,0.008797,0.001614,0.0,0.0,0.0
1970-01-01 00:00:00,251,0.019529,0.007464,0.001013,0.0,0.0,0.0
1970-01-01 00:00:00,252,0.017938,0.006758,0.000882,0.0,0.0,0.0
1970-01-01 00:00:00,253,0.018168,0.00771,0.001936,0.0,0.0,0.0
1970-01-01 00:00:00,254,0.021903,0.010633,0.002278,0.0,0.0,0.0
1970-01-01 00:00:00,255,0.022238,0.011378,0.00329,0.0,0.0,0.0
1970-01-01 00:00:00,256,0.018955,0.009029,0.001415,0.0,0.0,0.0
1970-01-01 00:00:00,257,0.014866,0.005851,0.001164,0.0,0.0,0.0
1970-01-01 00:00:00,258,0.013785,0.004951,0.001123,0.0,0.0,0.0
1970-01-01 00:00:00,259,0.012144,0.005364,0.00135,0.0,0.0,0.0
1970-01-01 00:00:00,260,0.008346,0.003763,0.000944,0.0,0.0,0.0
1970-01-01 00:00:00,261,0.00881,0.004495,0.001263,0.0,0.0,0.0
1970-01-01 00:00:00,262,0.014168,0.005473,0.000886,0.0,0.0,0.0
1970-01-01 00:00:00,263,0.014887,0.005964,0.001322,0.0,0.0,0.0
1970-01-01 00:00:00,264,0.016749,0.007776,0.002065,0.0,0.0,0.0
1970-01-01 00:00:00,265,0.051313,0.073973,0.016046,0.0,0.0,0.0
1970-01-01 00:00:00,266,0.042167,0.061278,0.014973,0.0,0.0,0.0
1970-01-01 00:00:00,267,0.084803,0.087957,0.016096,0.0,0.0,0.0
1970-01-01 00:00:00,268,0.089459,0.101856,0.021673,0.0,0.0,0.0
1970-01-01 00:00:00,269,0.052854,0.050625,0.008837,0.0,0.0,0.0
1970-01-01 00:00:00,270,0.088211,0.082271,0.012951,0.0,0.0,0.0
1970-01-01 00:00:00,271,0.085307,0.066795,0.009044,0.0,0.0,0.0
1970-01-01 00:00:00,272,0.085244,0.073854,0.014744,0.0,0.0,0.0
1970-01-01 00:00:00,273,0.049554,0.034563,0.00658,0.0,0.0,0.0
1970-01-01 00:00:00,274,0.0401,0.055239,0.010933,0.0,0.0,0.0
1970-01-01 00:00:00,275,0.072314,0.058241,0.008726,0.0,0.0,0.0
1970-01-01 00:00:00,276,0.061401,0.035351,0.005018,0.0,0.0,0.0
1970-01-01 00:00:00,277,0.085029,0.048132,0.007521,0.0,0.0,0.0
1970-01-01 00:00:00,278,0.042742,0.066304,0.011784,0.0,0.0,0.0
1970-01-01 00:00:00,279,0.078597,0.082107,0.014723,0.0,0.0,0.0
1970-01-01 00:00:00,280,0.085292,0.099482,0.022703,0.0,0.0,0.0
1970-01-01 00:00:00,281,0.06724,0.052156,0.007512,0.0,0.0,0.0
1970-01-01 00:00:00,282,0.04321,0.029179,0.004434,0.0,0.0,0.0
1970-01-01 00:00:00,283,0.049935,0.052936,0.007771,0.0,0.0,0.0
1970-01-01 00:00:00,284,0.05968,0.061576,0.01008,0.0,0.0,0.0
1970-01-01 00:00:00,285,0.068082,0.071818,0.014159,0.0,0.0,0.0
1970-01-01 00:00:00,286,0.072573,0.063814,0.009304,0.0,0.0,0.0
1970-01-01 00:00:00,287,0.043006,0.025394,0.004824,0.0,0.0,0.0
1970-01-01 00:00:00,288,0.039279,0.028917,0.004896,0.0,0.0,0.0
1970-01-01 00:00:00,289,0.032023,0.019814,0.00472,0.0,0.0,0.0
1970-01-01 00:00:00,290,0.027084,0.020958,0.004781,0.0,0.0,0.0
1970-01-01 00:00:00,291,0.042855,0.033092,0.008933,0.0,0.0,0.0
1970-01-01 00:00:00,292,0.025756,0.018237,0.004897,0.0,0.0,0.0
1970-01-01 00:00:00,293,0.021386,0.015516,0.00461,0.0,0.0,0.0
1970-01-01 00:00:00,294,0.021571,0.015808,0.003584,0.0,0.0,0.0
1970-01-01 00:00:00,295,0.034685,0.028197,0.00653,0.0,0.0,0.0
1970-01-01 00:00:00,296,0.028161,0.021481,0.003943,0.0,0.0,0.0
1970-01-01 00:00:00,297,0.029436,0.022856,0.006764,0.0,0.0,0.0
1970-01-01 00:00:00,298,0.028675,0.021566,0.006185,0.0,0.0,0.0
1970-01-01 00:00:00,299,0.051421,0.04454,0.010777,0.0,0.0,0.0
1970-01-01 00:00:00,300,0.026056,0.023478,0.006283,0.0,0.0,0.0
1970-01-01 00:00:00,301,0.022527,0.018334,0.005332,0.0,0.0,0.0
1970-01-01 00:00:00,302,0.026427,0.017767,0.004725,0.0,0.0,0.0
1970-01-01 00:00:00,303,0.065482,0.067878,0.013277,0.0,0.0,0.0
1970-01-01 00:00:00,304,0.051389,0.035999,0.005057,0.0,0.0,0.0
1970-01-01 00:00:00,305,0.070629,0.078808,0.018263,0.0,0.0,0.0
1970-01-01 00:00:00,306,0.055006,0.056769,0.011974,0.0,0.0,0.0
1970-01-01 00:00:00,307,0.053786,0.044063,0.005986,0.0,0.0,0.0
1970-01-01 00:00:00,308,0.054239,0.066822,0.018499,0.0,0.0,0.0
1970-01-01 00:00:00,309,0.042544,0.051462,0.008642,0.0,0.0,0.0
1970-01-01 00:00:00,310,0.035744,0.038441,0.00931,0.0,0.0,0.0
1970-01-01 00:00:00,311,0.022938,0.02316,0.005774,0.0,0.0,0.0
1970-01-01 00:00:00,312,0.02306,0.025306,0.006072,0.0,0.0,0.0
1970-01-01 00:00:00,313,0.020171,0.014872,0.003656,0.0,0.0,0.0
1970-01-01 00:00:00,314,0.037187,0.030667,0.006283,0.0,0.0,0.0
1970-01-01 00:00:00,315,0.023129,0.017817,0.004849,0.0,0.0,0.0
1970-01-01 00:00:00,316,0.028393,0.025422,0.006904,0.0,0.0,0.0
1970-01-01 00:00:00,317,0.031018,0.031616,0.008913,0.0,0.0,0.0
1970-01-01 00:00:00,318,0.026884,0.028992,0.007088,0.0,0.0,0.0
1970-01-01 00:00:00,319,0.012877,0.00972,0.002354,0.0,0.0,0.0
1970-01-01 00:00:00,320,0.015743,0.014292,0.004703,0.0,0.0,0.0
1970-01-01 00:00:00,321,0.030086,0.036832,0.008294,0.0,0.0,0.0
1970-01-01 00:00:00,322,0.028489,0.027728,0.007883,0.0,0.0,0.0
1970-01-01 00:00:00,323,0.019801,0.022096,0.003997,0.0,0.0,0.0
1970-01-01 00:00:00,324,0.01594,0.014763,0.004137,0.0,0.0,0.0
1970-01-01 00:00:00,325,0.035307,0.03428,0.00709,0.0,0.0,0.0
1970-01-01 00:00:00,326,0.05526,0.055999,0.009695,0.0,0.0,0.0
1970-01-01 00:00:00,327,0.071663,0.081283,0.01748,0.0,0.0,0.0
1970-01-01 00:00:00,328,0.06843,0.079041,0.020726,0.0,0.0,0.0
1970-01-01 00:00:00,329,0.057413,0.050774,0.008877,0.0,0.0,0.0
1970-01-01 00:00:00,330,0.061741,0.064772,0.013275,0.0,0.0,0.0
1970-01-01 00:00:00,331,0.055492,0.057491,0.010934,0.0,0.0,0.0
1970-01-01 00:00:00,332,0.073303,0.087407,0.021714,0.0,0.0,0.0
1970-01-01 00:00:00,333,0.070697,0.083295,0.018528,0.0,0.0,0.0
1970-01-01 00:00:00,334,0.074753,0.067147,0.010109,0.0,0.0,0.0
1970-01-01 00:00:00,335,0.059123,0.047762,0.005783,0.0,0.0,0.0
1970-01-01 00:00:00,336,0.063586,0.060811,0.012085,0.0,0.0,0.0
1970-01-01 00:00:00,337,0.063273,0.074408,0.01597,0.0,0.0,0.0
1970-01-01 00:00:00,338,0.058483,0.053456,0.009702,0.0,0.0,0.0
1970-01-01 00:00:00,339,0.052976,0.055968,0.010431,0.0,0.0,0.0
1970-01-01 00:00:00,340,0.056184,0.06411,0.013691,0.0,0.0,0.0
1970-01-01 00:00:00,341,0.054984,0.064956,0.0142,0.0,0.0,0.0
1970-01-01 00:00:00,342,0.05702,0.060029,0.011144,0.0,0.0,0.0
1970-01-01 00:00:00,343,0.059731,0.058502,0.009878,0.0,0.0,0.0
1970-01-01 00:00:00,344,0.066692,0.070805,0.014548,0.0,0.0,0.0
1970-01-01 00:00:00,345,0.040835,0.039448,0.007014,0.0,0.0,0.0
1970-01-01 00:00:00,346,0.058434,0.070735,0.016265,0.0,0.0,0.0
1970-01-01 00:00:00,347,0.064871,0.062112,0.017154,0.0,0.0,0.0
1970-01-01 00:00:00,348,0.044938,0.029029,0.0056,0.0,0.0,0.0
1970-01-01 00:00:00,349,0.065908,0.064313,0.013855,0.0,0.0,0.0
1970-01-01 00:00:00,350,0.058487,0.045338,0.008341,0.0,0.0,0.0
1970-01-01 00:00:00,351,0.054688,0.040407,0.007011,0.0,0.0,0.0
1970-01-01 00:00:00,352,0.047707,0.031529,0.005575,0.0,0.0,0.0
1970-01-01 00:00:00,353,0.048672,0.031566,0.005193,0.0,0.0,0.0
1970-01-01 00:00:00,354,0.036483,0.025359,0.005435,0.0,0.0,0.0
1970-01-01 00:00:00,355,0.048949,0.043128,0.00895,0.0,0.0,0.0
1970-01-01 00:00:00,356,0.041512,0.030577,0.007776,0.0,0.0,0.0
1970-01-01 00:00:00,357,0.055011,0.043556,0.006662,0.0,0.0,0.0
1970-01-01 00:00:00,358,0.045609,0.031373,0.005994,0.0,0.0,0.0
1970-01-01 00:00:00,359,0.035614,0.021539,0.004624,0.0,0.0,0.0
1970-01-01 00:00:00,360,0.02612,0.015298,0.004133,0.0,0.0,0.0
1970-01-01 00:00:00,361,0.025648,0.015205,0.003558,0.0,0.0,0.0
1970-01-01 00:00:00,362,0.026437,0.022459,0.006091,0.0,0.0,0.0
1970-01-01 00:00:00,363,0.053972,0.049598,0.008915,0.0,0.0,0.0
1970-01-01 00:00:00,364,0.040805,0.033519,0.007105,0.0,0.0,0.0
1970-01-01 00:00:00,365,0.037875,0.021727,0.00349,0.0,0.0,0.0
1970-01-01 00:00:00,366,0.040902,0.028714,0.005737,0.0,0.0,0.0
1970-01-01 00:00:00,367,0.035551,0.023127,0.003639,0.0,0.0,0.0
1970-01-01 00:00:00,368,0.035137,0.024569,0.006048,0.0,0.0,0.0
1970-01-01 00:00:00,369,0.053813,0.051389,0.010871,0.0,0.0,0.0
1970-01-01 00:00:00,370,0.041696,0.029787,0.005528,0.0,0.0,0.0
1970-01-01 00:00:00,371,0.036658,0.024655,0.005152,0.0,0.0,0.0
1970-01-01 00:00:00,372,0.034181,0.024957,0.005151,0.0,0.0,0.0
1970-01-01 00:00:00,373,0.023152,0.014427,0.002912,0.0,0.0,0.0
1970-01-01 00:00:00,374,0.025079,0.016854,0.004234,0.0,0.0,0.0
1970-01-01 00:00:00,375,0.041557,0.035372,0.009364,0.0,0.0,0.0
1970-01-01 00:00:00,376,0.062634,0.059162,0.015364,0.0,0.0,0.0
1970-01-01 00:00:00,377,0.061095,0.056696,0.012396,0.0,0.0,0.0
1970-01-01 00:00:00,378,0.06002,0.049545,0.010656,0.0,0.0,0.0
1970-01-01 00:00:00,379,0.058677,0.044471,0.007994,0.0,0.0,0.0
1970-01-01 00:00:00,380,0.061237,0.046784,0.007699,0.0,0.0,0.0
1970-01-01 00:00:00,381,0.05111,0.031637,0.005392,0.0,0.0,0.0
1970-01-01 00:00:00,382,0.038627,0.016844,0.004039,0.0,0.0,0.0
1970-01-01 00:00:00,383,0.02903,0.015998,0.003849,0.0,0.0,0.0
1970-01-01 00:00:00,384,0.044313,0.033931,0.008023,0.0,0.0,0.0
1970-01-01 00:00:00,385,0.059411,0.062088,0.012622,0.0,0.0,0.0
1970-01-01 00:00:00,386,0.061054,0.054617,0.00999,0.0,0.0,0.0
1970-01-01 00:00:00,387,0.055505,0.057064,0.012174,0.0,0.0,0.0
1970-01-01 00:00:00,388,0.055953,0.054249,0.010357,0.0,0.0,0.0
1970-01-01 00:00:00,389,0.07367,0.079602,0.018834,0.0,0.0,0.0
1970-01-01 00:00:00,390,0.084043,0.069836,0.01287,0.0,0.0,0.0
1970-01-01 00:00:00,391,0.082569,0.072739,0.013674,0.0,0.0,0.0
1970-01-01 00:00:00,392,0.063591,0.04956,0.006563,0.0,0.0,0.0
1970-01-01 00:00:00,393,0.049376,0.034973,0.006557,0.0,0.0,0.0
1970-01-01 00:00:00,394,0.063427,0.053738,0.01073,0.0,0.0,0.0
1970-01-01 00:00:00,395,0.067523,0.078515,0.019704,0.0,0.0,0.0
1970-01-01 00:00:00,396,0.062391,0.069587,0.016884,0.0,0.0,0.0
1970-01-01 00:00:00,397,0.063493,0.071469,0.018262,0.0,0.0,0.0
1970-01-01 00:00:00,398,0.06535,0.076745,0.021579,0.0,0.0,0.0
1970-01-01 00:00:00,399,0.057941,0.061553,0.013017,0.0,0.0,0.0
1970-01-01 00:00:00,400,0.058174,0.051623,0.010111,0.0,0.0,0.0
1970-01-01 00:00:00,401,0.06671,0.058315,0.012546,0.0,0.0,0.0
1970-01-01 00:00:00,402,0.057761,0.041768,0.00863,0.0,0.0,0.0
1970-01-01 00:00:00,403,0.080157,0.083731,0.016365,0.0,0.0,0.0
1970-01-01 00:00:00,404,0.085407,0.087957,0.017741,0.0,0.0,0.0
1970-01-01 00:00:00,405,0.078802,0.067132,0.011994,0.0,0.0,0.0
1970-01-01 00:00:00,406,0.085429,0.08712,0.019249,0.0,0.0,0.0
1970-01-01 00:00:00,407,0.081083,0.06547,0.011071,0.0,0.0,0.0
1970-01-01 00:00:00,408,0.069187,0.056566,0.007244,0.0,0.0,0.0
1970-01-01 00:00:00,409,0.068844,0.049711,0.007196,0.0,0.0,0.0
1970-01-01 00:00:00,410,0.07681,0.060077,0.011089,0.0,0.0,0.0
1970-01-01 00:00:00,411,0.07912,0.070838,0.01264,0.0,0.0,0.0
1970-01-01 00:00:00,412,0.058066,0.043532,0.007093,0.0,0.0,0.0
1970-01-01 00:00:00,413,0.078268,0.069062,0.00943,0.0,0.0,0.0
1970-01-01 00:00:00,414,0.040886,0.024614,0.004529,0.0,0.0,0.0
1970-01-01 00:00:00,415,0.055747,0.02486,0.004541,0.0,0.0,0.0
1970-01-01 00:00:00,416,0.055897,0.025584,0.004241,0.0,0.0,0.0
1970-01-01 00:00:00,417,0.047967,0.018477,0.004107,0.0,0.0,0.0
1970-01-01 00:00:00,418,0.050078,0.025971,0.004111,0.0,0.0,0.0
1970-01-01 00:00:00,419,0.05437,0.033466,0.004852,0.0,0.0,0.0
1970-01-01 00:00:00,420,0.074615,0.05421,0.010966,0.0,0.0,0.0
1970-01-01 00:00:00,421,0.089527,0.089325,0.01603,0.0,0.0,0.0
1970-01-01 00:00:00,422,0.09486,0.104035,0.023937,0.0,0.0,0.0
1970-01-01 00:00:00,423,0.082012,0.060812,0.011859,0.0,0.0,0.0
1970-01-01 00:00:00,424,0.063332,0.066043,0.006905,0.0,0.0,0.0
1970-01-01 00:00:00,425,0.064943,0.047697,0.005906,0.0,0.0,0.0
1970-01-01 00:00:00,426,0.092901,0.082638,0.009929,0.0,0.0,0.0
1970-01-01 00:00:00,427,0.074491,0.068917,0.007115,0.0,0.0,0.0
1970-01-01 00:00:00,428,0.073846,0.076071,0.009662,0.0,0.0,0.0
1970-01-01 00:00:00,429,0.094088,0.096227,0.017106,0.0,0.0,0.0
1970-01-01 00:00:00,430,0.092374,0.082766,0.010872,0.0,0.0,0.0
1970-01-01 00:00:00,431,0.096729,0.086913,0.012133,0.0,0.0,0.0
1970-01-01 00:00:00,432,0.100671,0.098639,0.019428,0.0,0.0,0.0
1970-01-01 00:00:00,433,0.086121,0.077059,0.01026,0.0,0.0,0.0
1970-01-01 00:00:00,434,0.112469,0.107297,0.011882,0.0,0.0,0.0
1970-01-01 00:00:00,435,0.084033,0.072265,0.007218,0.0,0.0,0.0
1970-01-01 00:00:00,436,0.075951,0.076745,0.008761,0.0,0.0,0.0
1970-01-01 00:00:00,437,0.118544,0.116115,0.027998,0.0,0.0,0.0
1970-01-01 00:00:00,438,0.095352,0.090119,0.015733,0.0,0.0,0.0
1970-01-01 00:00:00,439,0.098293,0.100831,0.017513,0.0,0.0,0.0
1970-01-01 00:00:00,440,0.091455,0.086994,0.011452,0.0,0.0,0.0
1970-01-01 00:00:00,441,0.098939,0.085958,0.012063,0.0,0.0,0.0
1970-01-01 00:00:00,442,0.137735,0.154855,0.036221,0.0,0.0,0.0
1970-01-01 00:00:00,443,0.11236,0.132332,0.031303,0.0,0.0,0.0
1970-01-01 00:00:00,444,0.036113,0.061236,0.008028,0.0,0.0,0.0
1970-01-01 00:00:00,445,0.077069,0.105027,0.019136,0.0,0.0,0.0
1970-01-01 00:00:00,446,0.100169,0.110863,0.020088,0.0,0.0,0.0
1970-01-01 00:00:00,447,0.043539,0.066174,0.016862,0.0,0.0,0.0
1970-01-01 00:00:00,448,0.040584,0.063654,0.017007,0.0,0.0,0.0
1970-01-01 00:00:00,449,0.089603,0.067182,0.006985,0.0,0.0,0.0
1970-01-01 00:00:00,450,0.096965,0.108202,0.018746,0.0,0.0,0.0
1970-01-01 00:00:00,451,0.10083,0.120506,0.028069,0.0,0.0,0.0
1970-01-01 00:00:00,452,0.097091,0.113319,0.022403,0.0,0.0,0.0
1970-01-01 00:00:00,453,0.099561,0.112221,0.0184,0.0,0.0,0.0
1970-01-01 00:00:00,454,0.102225,0.094667,0.012914,0.0,0.0,0.0
1970-01-01 00:00:00,455,0.102517,0.118017,0.025713,0.0,0.0,0.0
1970-01-01 00:00:00,456,0.106536,0.125528,0.029871,0.0,0.0,0.0
1970-01-01 00:00:00,457,0.080003,0.072792,0.010581,0.0,0.0,0.0
1970-01-01 00:00:00,458,0.08282,0.087586,0.015495,0.0,0.0,0.0
1970-01-01 00:00:00,459,0.077527,0.074523,0.012906,0.0,0.0,0.0
1970-01-01 00:00:00,460,0.077315,0.077257,0.013829,0.0,0.0,0.0
1970-01-01 00:00:00,461,0.073626,0.077381,0.012903,0.0,0.0,0.0
1970-01-01 00:00:00,462,0.075325,0.088262,0.021377,0.0,0.0,0.0
1970-01-01 00:00:00,463,0.078619,0.069494,0.008954,0.0,0.0,0.0
1970-01-01 00:00:00,464,0.075572,0.073395,0.012481,0.0,0.0,0.0
1970-01-01 00:00:00,465,0.076078,0.080868,0.016869,0.0,0.0,0.0
1970-01-01 00:00:00,466,0.066086,0.070632,0.01454,0.0,0.0,0.0
1970-01-01 00:00:00,467,0.059713,0.049752,0.005186,0.0,0.0,0.0
1970-01-01 00:00:00,468,0.078504,0.093148,0.025701,0.0,0.0,0.0
1970-01-01 00:00:00,469,0.072335,0.078755,0.017009,0.0,0.0,0.0
1970-01-01 00:00:00,470,0.060193,0.03658,0.004549,0.0,0.0,0.0
1970-01-01 00:00:00,471,0.050937,0.042488,0.007183,0.0,0.0,0.0
1970-01-01 00:00:00,472,0.06022,0.063473,0.013757,0.0,0.0,0.0
1970-01-01 00:00:00,473,0.063274,0.073862,0.021429,0.0,0.0,0.0
1970-01-01 00:00:00,474,0.061922,0.073979,0.023815,0.0,0.0,0.0
1970-01-01 00:00:00,475,0.052648,0.063369,0.018183,0.0,0.0,0.0
1970-01-01 00:00:00,476,0.049201,0.054567,0.011825,0.0,0.0,0.0
1970-01-01 00:00:00,477,0.037192,0.041331,0.008913,0.0,0.0,0.0
1970-01-01 00:00:00,478,0.038114,0.045922,0.013048,0.0,0.0,0.0
1970-01-01 00:00:00,479,0.034169,0.042888,0.012455,0.0,0.0,0.0
1970-01-01 00:00:00,480,0.031592,0.036358,0.008425,0.0,0.0,0.0
1970-01-01 00:00:00,481,0.029575,0.039345,0.016073,0.0,0.0,0.0
1970-01-01 00:00:00,482,0.028696,0.039047,0.013098,0.0,0.0,0.0
1970-01-01 00:00:00,483,0.037145,0.04308,0.007568,0.0,0.0,0.0
1970-01-01 00:00:00,484,0.022672,0.025206,0.005389,0.0,0.0,0.0
1970-01-01 00:00:00,485,0.041308,0.04426,0.012542,0.0,0.0,0.0
1970-01-01 00:00:00,486,0.05304,0.048401,0.007786,0.0,0.0,0.0
1970-01-01 00:00:00,487,0.047056,0.042025,0.00695,0.0,0.0,0.0
1970-01-01 00:00:00,488,0.039603,0.032378,0.005729,0.0,0.0,0.0
1970-01-01 00:00:00,489,0.04503,0.046056,0.010715,0.0,0.0,0.0
1970-01-01 00:00:00,490,0.072755,0.073397,0.014328,0.0,0.0,0.0
1970-01-01 00:00:00,491,0.078228,0.091202,0.027394,0.0,0.0,0.0
1970-01-01 00:00:00,492,0.074121,0.067229,0.010578,0.0,0.0,0.0
1970-01-01 00:00:00,493,0.059059,0.050708,0.007891,0.0,0.0,0.0
1970-01-01 00:00:00,494,0.063005,0.057834,0.008537,0.0,0.0,0.0
1970-01-01 00:00:00,495,0.063129,0.059175,0.012468,0.0,0.0,0.0
1970-01-01 00:00:00,496,0.059824,0.055447,0.008159,0.0,0.0,0.0
1970-01-01 00:00:00,497,0.053354,0.043599,0.006335,0.0,0.0,0.0
1970-01-01 00:00:00,498,0.051284,0.046734,0.006477,0.0,0.0,0.0
1970-01-01 00:00:00,499,0.073875,0.08469,0.023705,0.0,0.0,0.0
1970-01-01 00:00:00,500,0.053797,0.039479,0.005078,0.0,0.0,0.0
1970-01-01 00:00:00,501,0.048194,0.030201,0.004354,0.0,0.0,0.0
1970-01-01 00:00:00,502,0.047142,0.030493,0.005553,0.0,0.0,0.0
1970-01-01 00:00:00,503,0.058961,0.049462,0.010884,0.0,0.0,0.0
1970-01-01 00:00:00,504,0.060397,0.057948,0.012223,0.0,0.0,0.0
1970-01-01 00:00:00,505,0.048924,0.036997,0.006992,0.0,0.0,0.0
1970-01-01 00:00:00,506,0.047741,0.040097,0.008091,0.0,0.0,0.0
1970-01-01 00:00:00,507,0.04034,0.027675,0.006328,0.0,0.0,0.0
1970-01-01 00:00:00,508,0.029479,0.02028,0.003432,0.0,0.0,0.0
1970-01-01 00:00:00,509,0.031639,0.022934,0.004412,0.0,0.0,0.0
1970-01-01 00:00:00,510,0.069964,0.071855,0.013694,0.0,0.0,0.0
1970-01-01 00:00:00,511,0.06539,0.065509,0.010497,0.0,0.0,0.0
1970-01-01 00:00:00,512,0.06716,0.065866,0.010276,0.0,0.0,0.0
1970-01-01 00:00:00,513,0.06432,0.070314,0.015906,0.0,0.0,0.0
1970-01-01 00:00:00,514,0.057607,0.043717,0.007529,0.0,0.0,0.0
1970-01-01 00:00:00,515,0.05542,0.041624,0.006861,0.0,0.0,0.0
1970-01-01 00:00:00,516,0.047296,0.03306,0.004674,0.0,0.0,0.0
1970-01-01 00:00:00,517,0.050983,0.038754,0.007009,0.0,0.0,0.0
1970-01-01 00:00:00,518,0.047426,0.042429,0.006944,0.0,0.0,0.0
1970-01-01 00:00:00,519,0.024293,0.025021,0.004455,0.0,0.0,0.0
1970-01-01 00:00:00,520,0.012061,0.015971,0.004814,0.0,0.0,0.0
1970-01-01 00:00:00,521,0.015935,0.017488,0.004373,0.0,0.0,0.0
1970-01-01 00:00:00,522,0.031476,0.026879,0.005105,0.0,0.0,0.0
1970-01-01 00:00:00,523,0.028692,0.023786,0.003744,0.0,0.0,0.0
1970-01-01 00:00:00,524,0.058557,0.058093,0.014191,0.0,0.0,0.0
1970-01-01 00:00:00,525,0.072496,0.079171,0.02097,0.0,0.0,0.0
1970-01-01 00:00:00,526,0.064391,0.063096,0.011908,0.0,0.0,0.0
1970-01-01 00:00:00,527,0.067699,0.070456,0.013864,0.0,0.0,0.0
1970-01-01 00:00:00,528,0.073063,0.085978,0.025057,0.0,0.0,0.0
1970-01-01 00:00:00,529,0.059059,0.047661,0.009433,0.0,0.0,0.0
1970-01-01 00:00:00,530,0.058001,0.033277,0.005105,0.0,0.0,0.0
1970-01-01 00:00:00,531,0.048591,0.034509,0.004996,0.0,0.0,0.0
1970-01-01 00:00:00,532,0.043467,0.030396,0.005429,0.0,0.0,0.0
1970-01-01 00:00:00,533,0.035023,0.024381,0.004567,0.0,0.0,0.0
1970-01-01 00:00:00,534,0.032048,0.021288,0.002666,0.0,0.0,0.0
1970-01-01 00:00:00,535,0.023863,0.015041,0.003305,0.0,0.0,0.0
1970-01-01 00:00:00,536,0.021521,0.013634,0.002381,0.0,0.0,0.0
1970-01-01 00:00:00,537,0.021841,0.014829,0.003617,0.0,0.0,0.0
1970-01-01 00:00:00,538,0.027873,0.018197,0.003434,0.0,0.0,0.0
1970-01-01 00:00:00,539,0.026648,0.01863,0.002979,0.0,0.0,0.0
1970-01-01 00:00:00,540,0.034957,0.025408,0.004844,0.0,0.0,0.0
1970-01-01 00:00:00,541,0.032403,0.021037,0.003338,0.0,0.0,0.0
1970-01-01 00:00:00,542,0.037672,0.023284,0.003889,0.0,0.0,0.0
1970-01-01 00:00:00,543,0.042099,0.034348,0.007086,0.0,0.0,0.0
1970-01-01 00:00:00,544,0.045016,0.036244,0.006785,0.0,0.0,0.0
1970-01-01 00:00:00,545,0.038212,0.0239,0.003397,0.0,0.0,0.0
1970-01-01 00:00:00,546,0.037558,0.024412,0.004205,0.0,0.0,0.0
1970-01-01 00:00:00,547,0.03135,0.021846,0.003307,0.0,0.0,0.0
1970-01-01 00:00:00,548,0.0353,0.025808,0.003344,0.0,0.0,0.0
1970-01-01 00:00:00,549,0.039402,0.025264,0.004161,0.0,0.0,0.0
1970-01-01 00:00:00,550,0.037077,0.024568,0.004027,0.0,0.0,0.0
1970-01-01 00:00:00,551,0.036675,0.020428,0.003434,0.0,0.0,0.0
1970-01-01 00:00:00,552,0.035769,0.016715,0.002934,0.0,0.0,0.0
1970-01-01 00:00:00,553,0.032171,0.015134,0.002466,0.0,0.0,0.0
1970-01-01 00:00:00,554,0.038472,0.022896,0.006461,0.0,0.0,0.0
1970-01-01 00:00:00,555,0.036355,0.026712,0.005029,0.0,0.0,0.0
1970-01-01 00:00:00,556,0.042683,0.033978,0.006396,0.0,0.0,0.0
1970-01-01 00:00:00,557,0.047025,0.038609,0.006167,0.0,0.0,0.0
1970-01-01 00:00:00,558,0.047631,0.031632,0.005345,0.0,0.0,0.0
1970-01-01 00:00:00,559,0.062239,0.066508,0.0117,0.0,0.0,0.0
1970-01-01 00:00:00,560,0.067728,0.066753,0.009282,0.0,0.0,0.0
1970-01-01 00:00:00,561,0.063746,0.058093,0.007846,0.0,0.0,0.0
1970-01-01 00:00:00,562,0.068151,0.072481,0.011006,0.0,0.0,0.0
1970-01-01 00:00:00,563,0.057105,0.035039,0.004101,0.0,0.0,0.0
1970-01-01 00:00:00,564,0.052791,0.03605,0.004072,0.0,0.0,0.0
1970-01-01 00:00:00,565,0.043157,0.038432,0.003312,0.0,0.0,0.0
1970-01-01 00:00:00,566,0.044983,0.039469,0.00512,0.0,0.0,0.0
1970-01-01 00:00:00,567,0.067694,0.066203,0.014586,0.0,0.0,0.0
1970-01-01 00:00:00,568,0.059697,0.066723,0.010383,0.0,0.0,0.0
1970-01-01 00:00:00,569,0.063548,0.059609,0.006963,0.0,0.0,0.0
1970-01-01 00:00:00,570,0.048886,0.042275,0.006449,0.0,0.0,0.0
1970-01-01 00:00:00,571,0.049541,0.044412,0.006636,0.0,0.0,0.0
1970-01-01 00:00:00,572,0.046451,0.04257,0.005823,0.0,0.0,0.0
1970-01-01 00:00:00,573,0.044504,0.048915,0.005105,0.0,0.0,0.0
1970-01-01 00:00:00,574,0.061823,0.066301,0.011888,0.0,0.0,0.0
1970-01-01 00:00:00,575,0.067812,0.077949,0.016717,0.0,0.0,0.0
1970-01-01 00:00:00,576,0.063174,0.07077,0.014244,0.0,0.0,0.0
1970-01-01 00:00:00,577,0.068938,0.077606,0.018317,0.0,0.0,0.0
1970-01-01 00:00:00,578,0.059777,0.066568,0.014038,0.0,0.0,0.0
1970-01-01 00:00:00,579,0.056239,0.063726,0.015801,0.0,0.0,0.0
1970-01-01 00:00:00,580,0.056357,0.046765,0.005129,0.0,0.0,0.0
1970-01-01 00:00:00,581,0.05932,0.061599,0.012624,0.0,0.0,0.0
1970-01-01 00:00:00,582,0.06362,0.070394,0.014833,0.0,0.0,0.0
1970-01-01 00:00:00,583,0.063037,0.066799,0.012803,0.0,0.0,0.0
1970-01-01 00:00:00,584,0.060734,0.058851,0.011032,0.0,0.0,0.0
1970-01-01 00:00:00,585,0.07241,0.083606,0.02283,0.0,0.0,0.0
1970-01-01 00:00:00,586,0.064446,0.062194,0.012078,0.0,0.0,0.0
1970-01-01 00:00:00,587,0.062063,0.06032,0.011852,0.0,0.0,0.0
1970-01-01 00:00:00,588,0.067642,0.056874,0.010074,0.0,0.0,0.0
1970-01-01 00:00:00,589,0.059918,0.056618,0.010633,0.0,0.0,0.0
1970-01-01 00:00:00,590,0.061282,0.056481,0.012285,0.0,0.0,0.0
1970-01-01 00:00:00,591,0.062215,0.057262,0.011712,0.0,0.0,0.0
1970-01-01 00:00:00,592,0.064654,0.063488,0.013647,0.0,0.0,0.0
1970-01-01 00:00:00,593,0.060946,0.060633,0.013101,0.0,0.0,0.0
1970-01-01 00:00:00,594,0.059531,0.062778,0.01299,0.0,0.0,0.0
1970-01-01 00:00:00,595,0.060231,0.061143,0.011831,0.0,0.0,0.0
1970-01-01 00:00:00,596,0.061255,0.0542,0.007622,0.0,0.0,0.0
1970-01-01 00:00:00,597,0.060016,0.056529,0.008229,0.0,0.0,0.0
1970-01-01 00:00:00,598,0.043901,0.024777,0.002391,0.0,0.0,0.0
1970-01-01 00:00:00,599,0.04892,0.032202,0.003871,0.0,0.0,0.0
1970-01-01 00:00:00,600,0.050379,0.040541,0.005295,0.0,0.0,0.0
1970-01-01 00:00:00,601,0.05373,0.041154,0.005164,0.0,0.0,0.0
1970-01-01 00:00:00,602,0.052799,0.044787,0.005474,0.0,0.0,0.0
1970-01-01 00:00:00,603,0.045107,0.030193,0.003878,0.0,0.0,0.0
1970-01-01 00:00:00,604,0.0472,0.034854,0.004292,0.0,0.0,0.0
1970-01-01 00:00:00,605,0.047151,0.039164,0.004803,0.0,0.0,0.0
1970-01-01 00:00:00,606,0.040667,0.037173,0.004871,0.0,0.0,0.0
1970-01-01 00:00:00,607,0.048955,0.052692,0.009675,0.0,0.0,0.0
1970-01-01 00:00:00,608,0.030452,0.02692,0.00389,0.0,0.0,0.0
1970-01-01 00:00:00,609,0.029866,0.028184,0.00466,0.0,0.0,0.0
1970-01-01 00:00:00,610,0.027478,0.022895,0.003885,0.0,0.0,0.0
1970-01-01 00:00:00,611,0.031396,0.026087,0.00422,0.0,0.0,0.0
1970-01-01 00:00:00,612,0.057087,0.058328,0.01331,0.0,0.0,0.0
1970-01-01 00:00:00,613,0.067785,0.066356,0.013732,0.0,0.0,0.0
1970-01-01 00:00:00,614,0.060604,0.049574,0.007518,0.0,0.0,0.0
1970-01-01 00:00:00,615,0.044833,0.031056,0.004989,0.0,0.0,0.0
1970-01-01 00:00:00,616,0.041,0.027977,0.005519,0.0,0.0,0.0
1970-01-01 00:00:00,617,0.03463,0.022762,0.004164,0.0,0.0,0.0
1970-01-01 00:00:00,618,0.046528,0.033743,0.006455,0.0,0.0,0.0
1970-01-01 00:00:00,619,0.04953,0.037024,0.007966,0.0,0.0,0.0
1970-01-01 00:00:00,620,0.063695,0.067441,0.018655,0.0,0.0,0.0
1970-01-01 00:00:00,621,0.041171,0.019983,0.003223,0.0,0.0,0.0
1970-01-01 00:00:00,622,0.054588,0.04302,0.007157,0.0,0.0,0.0
1970-01-01 00:00:00,623,0.039549,0.021807,0.005424,0.0,0.0,0.0
1970-01-01 00:00:00,624,0.060614,0.049308,0.007982,0.0,0.0,0.0
1970-01-01 00:00:00,625,0.053734,0.031258,0.003856,0.0,0.0,0.0
1970-01-01 00:00:00,626,0.04667,0.030735,0.005757,0.0,0.0,0.0
1970-01-01 00:00:00,627,0.058337,0.045738,0.010298,0.0,0.0,0.0
1970-01-01 00:00:00,628,0.066737,0.059015,0.010133,0.0,0.0,0.0
1970-01-01 00:00:00,629,0.073516,0.082929,0.019594,0.0,0.0,0.0
1970-01-01 00:00:00,630,0.078643,0.053456,0.006325,0.0,0.0,0.0
1970-01-01 00:00:00,631,0.081949,0.060782,0.00798,0.0,0.0,0.0
1970-01-01 00:00:00,632,0.060784,0.041577,0.006255,0.0,0.0,0.0
1970-01-01 00:00:00,633,0.041729,0.031363,0.004796,0.0,0.0,0.0
1970-01-01 00:00:00,634,0.069649,0.057208,0.011025,0.0,0.0,0.0
1970-01-01 00:00:00,635,0.048396,0.038289,0.005181,0.0,0.0,0.0
1970-01-01 00:00:00,636,0.042362,0.026123,0.006058,0.0,0.0,0.0
1970-01-01 00:00:00,637,0.069984,0.070068,0.014786,0.0,0.0,0.0
1970-01-01 00:00:00,638,0.06955,0.076682,0.017517,0.0,0.0,0.0
1970-01-01 00:00:00,639,0.067855,0.059534,0.011271,0.0,0.0,0.0
1970-01-01 00:00:00,640,0.059512,0.045205,0.006657,0.0,0.0,0.0
1970-01-01 00:00:00,641,0.049716,0.032534,0.004199,0.0,0.0,0.0
1970-01-01 00:00:00,642,0.045458,0.02921,0.005127,0.0,0.0,0.0
1970-01-01 00:00:00,643,0.047641,0.034681,0.007977,0.0,0.0,0.0
1970-01-01 00:00:00,644,0.04847,0.037259,0.007412,0.0,0.0,0.0
1970-01-01 00:00:00,645,0.040115,0.02679,0.006489,0.0,0.0,0.0
1970-01-01 00:00:00,646,0.039741,0.027388,0.004947,0.0,0.0,0.0
1970-01-01 00:00:00,647,0.053491,0.050068,0.009154,0.0,0.0,0.0
1970-01-01 00:00:00,648,0.05001,0.038384,0.006797,0.0,0.0,0.0
1970-01-01 00:00:00,649,0.037502,0.027699,0.005024,0.0,0.0,0.0
1970-01-01 00:00:00,650,0.05026,0.032851,0.004755,0.0,0.0,0.0
1970-01-01 00:00:00,651,0.051522,0.039762,0.006868,0.0,0.0,0.0
1970-01-01 00:00:00,652,0.050649,0.040274,0.005765,0.0,0.0,0.0
1970-01-01 00:00:00,653,0.04998,0.031994,0.003708,0.0,0.0,0.0
1970-01-01 00:00:00,654,0.049672,0.03819,0.005893,0.0,0.0,0.0
1970-01-01 00:00:00,655,0.037285,0.019251,0.004962,0.0,0.0,0.0
1970-01-01 00:00:00,656,0.032482,0.017397,0.004355,0.0,0.0,0.0
1970-01-01 00:00:00,657,0.029127,0.017824,0.004085,0.0,0.0,0.0
1970-01-01 00:00:00,658,0.042824,0.035194,0.006543,0.0,0.0,0.0
1970-01-01 00:00:00,659,0.052976,0.053387,0.012797,0.0,0.0,0.0
1970-01-01 00:00:00,660,0.070013,0.077953,0.0181,0.0,0.0,0.0
1970-01-01 00:00:00,661,0.06252,0.065592,0.013482,0.0,0.0,0.0
1970-01-01 00:00:00,662,0.058923,0.056653,0.009882,0.0,0.0,0.0
1970-01-01 00:00:00,663,0.060885,0.043581,0.006638,0.0,0.0,0.0
1970-01-01 00:00:00,664,0.057495,0.036658,0.005976,0.0,0.0,0.0
1970-01-01 00:00:00,665,0.041867,0.027913,0.004654,0.0,0.0,0.0
1970-01-01 00:00:00,666,0.057032,0.049858,0.008815,0.0,0.0,0.0
1970-01-01 00:00:00,667,0.050641,0.031313,0.006461,0.0,0.0,0.0
1970-01-01 00:00:00,668,0.048775,0.029866,0.006379,0.0,0.0,0.0
1970-01-01 00:00:00,669,0.065394,0.065815,0.01445,0.0,0.0,0.0
1970-01-01 00:00:00,670,0.060141,0.051495,0.011699,0.0,0.0,0.0
1970-01-01 00:00:00,671,0.058659,0.044455,0.008173,0.0,0.0,0.0
1970-01-01 00:00:00,672,0.062068,0.048792,0.010373,0.0,0.0,0.0
1970-01-01 00:00:00,673,0.055564,0.035226,0.007004,0.0,0.0,0.0
1970-01-01 00:00:00,674,0.053223,0.02759,0.005496,0.0,0.0,0.0
1970-01-01 00:00:00,675,0.040102,0.023912,0.005127,0.0,0.0,0.0
1970-01-01 00:00:00,676,0.083587,0.090733,0.02585,0.0,0.0,0.0
1970-01-01 00:00:00,677,0.070374,0.064339,0.015342,0.0,0.0,0.0
1970-01-01 00:00:00,678,0.070113,0.074531,0.016842,0.0,0.0,0.0
1970-01-01 00:00:00,679,0.079896,0.055901,0.009292,0.0,0.0,0.0
1970-01-01 00:00:00,680,0.055569,0.044052,0.00712,0.0,0.0,0.0
1970-01-01 00:00:00,681,0.067399,0.052852,0.008756,0.0,0.0,0.0
1970-01-01 00:00:00,682,0.077404,0.079151,0.016427,0.0,0.0,0.0
1970-01-01 00:00:00,683,0.050655,0.049542,0.007181,0.0,0.0,0.0
1970-01-01 00:00:00,684,0.05174,0.059346,0.010355,0.0,0.0,0.0
1970-01-01 00:00:00,685,0.045234,0.04384,0.007311,0.0,0.0,0.0
1970-01-01 00:00:00,686,0.077243,0.07332,0.012543,0.0,0.0,0.0
1970-01-01 00:00:00,687,0.038776,0.055023,0.013272,0.0,0.0,0.0
1970-01-01 00:00:00,688,0.08134,0.095019,0.01702,0.0,0.0,0.0
1970-01-01 00:00:00,689,0.087104,0.093401,0.018112,0.0,0.0,0.0
1970-01-01 00:00:00,690,0.050808,0.074747,0.016462,0.0,0.0,0.0
1970-01-01 00:00:00,691,0.02611,0.013011,0.003781,0.0,0.0,0.0
1970-01-01 00:00:00,692,0.011859,0.006998,0.001527,0.0,0.0,0.0
1970-01-01 00:00:00,693,0.012668,0.007677,0.002402,0.0,0.0,0.0
1970-01-01 00:00:00,694,0.011813,0.005327,0.001338,0.0,0.0,0.0
1970-01-01 00:00:00,695,0.008675,0.004089,0.001133,0.0,0.0,0.0
1970-01-01 00:00:00,696,0.010973,0.005519,0.001416,0.0,0.0,0.0
1970-01-01 00:00:00,697,0.019065,0.011154,0.002288,0.0,0.0,0.0
1970-01-01 00:00:00,698,0.01582,0.007084,0.001782,0.0,0.0,0.0
1970-01-01 00:00:00,699,0.019207,0.009416,0.002629,0.0,0.0,0.0
1970-01-01 00:00:00,700,0.021243,0.010741,0.003649,0.0,0.0,0.0
1970-01-01 00:00:00,701,0.018443,0.010225,0.003226,0.0,0.0,0.0
1970-01-01 00:00:00,702,0.018876,0.008594,0.002269,0.0,0.0,0.0
1970-01-01 00:00:00,703,0.009531,0.004292,0.001348,0.0,0.0,0.0
1970-01-01 00:00:00,704,0.017666,0.005736,0.001445,0.0,0.0,0.0
1970-01-01 00:00:00,705,0.023683,0.009996,0.003867,0.0,0.0,0.0
1970-01-01 00:00:00,706,0.027537,0.008104,0.002733,0.0,0.0,0.0
1970-01-01 00:00:00,707,0.017238,0.006808,0.001869,0.0,0.0,0.0
1970-01-01 00:00:00,708,0.016565,0.006236,0.001067,0.0,0.0,0.0
1970-01-01 00:00:00,709,0.017692,0.007349,0.001482,0.0,0.0,0.0
1970-01-01 00:00:00,710,0.021986,0.010105,0.002883,0.0,0.0,0.0
1970-01-01 00:00:00,711,0.022058,0.010059,0.003839,0.0,0.0,0.0
1970-01-01 00:00:00,712,0.01503,0.00569,0.001123,0.0,0.0,0.0
1970-01-01 00:00:00,713,0.016106,0.007057,0.002199,0.0,0.0,0.0
1970-01-01 00:00:00,714,0.010636,0.007085,0.003259,0.0,0.0,0.0
1970-01-01 00:00:00,715,0.00875,0.004098,0.001316,0.0,0.0,0.0
1970-01-01 00:00:00,716,0.008712,0.004119,0.000993,0.0,0.0,0.0
1970-01-01 00:00:00,717,0.010943,0.006269,0.002406,0.0,0.0,0.0
1970-01-01 00:00:00,718,0.011307,0.006288,0.00185,0.0,0.0,0.0
1970-01-01 00:00:00,719,0.009823,0.00424,0.001819,0.0,0.0,0.0
1970-01-01 00:00:00,720,0.019339,0.008742,0.003317,0.0,0.0,0.0
1970-01-01 00:00:00,721,0.020463,0.008278,0.001592,0.0,0.0,0.0
1970-01-01 00:00:00,722,0.013902,0.005785,0.001856,0.0,0.0,0.0
1970-01-01 00:00:00,723,0.012721,0.005851,0.001793,0.0,0.0,0.0
1970-01-01 00:00:00,724,0.015424,0.00804,0.002289,0.0,0.0,0.0
1970-01-01 00:00:00,725,0.016287,0.00894,0.003748,0.0,0.0,0.0
1970-01-01 00:00:00,726,0.01929,0.00902,0.001291,0.0,0.0,0.0
1970-01-01 00:00:00,727,0.021657,0.010151,0.002037,0.0,0.0,0.0
1970-01-01 00:00:00,728,0.0176,0.004782,0.000826,0.0,0.0,0.0
1970-01-01 00:00:00,729,0.019508,0.006495,0.00144,0.0,0.0,0.0
1970-01-01 00:00:00,730,0.01918,0.007679,0.002336,0.0,0.0,0.0
1970-01-01 00:00:00,731,0.021504,0.008884,0.003094,0.0,0.0,0.0
1970-01-01 00:00:00,732,0.022691,0.008228,0.002738,0.0,0.0,0.0
1970-01-01 00:00:00,733,0.024002,0.008808,0.002344,0.0,0.0,0.0
1970-01-01 00:00:00,734,0.022409,0.007736,0.001213,0.0,0.0,0.0
1970-01-01 00:00:00,735,0.020198,0.008368,0.001985,0.0,0.0,0.0
1970-01-01 00:00:00,736,0.018293,0.008454,0.002339,0.0,0.0,0.0
1970-01-01 00:00:00,737,0.02076,0.00939,0.003317,0.0,0.0,0.0
1970-01-01 00:00:00,738,0.017737,0.007201,0.001671,0.0,0.0,0.0
1970-01-01 00:00:00,739,0.016026,0.00726,0.002279,0.0,0.0,0.0
1970-01-01 00:00:00,740,0.014288,0.00502,0.001498,0.0,0.0,0.0
1970-01-01 00:00:00,741,0.013175,0.004983,0.001495,0.0,0.0,0.0
1970-01-01 00:00:00,742,0.016613,0.00688,0.002117,0.0,0.0,0.0
1970-01-01 00:00:00,743,0.034345,0.017754,0.00747,0.0,0.0,0.0
1970-01-01 00:00:00,744,0.028441,0.011201,0.002689,0.0,0.0,0.0
1970-01-01 00:00:00,745,0.015353,0.004716,0.001171,0.0,0.0,0.0
1970-01-01 00:00:00,746,0.017312,0.005828,0.002133,0.0,0.0,0.0
1970-01-01 00:00:00,747,0.021062,0.00785,0.003509,0.0,0.0,0.0
1970-01-01 00:00:00,748,0.020312,0.006894,0.001812,0.0,0.0,0.0
1970-01-01 00:00:00,749,0.024886,0.011897,0.003208,0.0,0.0,0.0
1970-01-01 00:00:00,750,0.019105,0.006673,0.001857,0.0,0.0,0.0
1970-01-01 00:00:00,751,0.016604,0.005791,0.001212,0.0,0.0,0.0
1970-01-01 00:00:00,752,0.016795,0.007776,0.002863,0.0,0.0,0.0
1970-01-01 00:00:00,753,0.021868,0.011518,0.00292,0.0,0.0,0.0
1970-01-01 00:00:00,754,0.025947,0.013663,0.003921,0.0,0.0,0.0
1970-01-01 00:00:00,755,0.026296,0.01246,0.0041,0.0,0.0,0.0
1970-01-01 00:00:00,756,0.028004,0.013557,0.004288,0.0,0.0,0.0
1970-01-01 00:00:00,757,0.025253,0.011104,0.002612,0.0,0.0,0.0
1970-01-01 00:00:00,758,0.026765,0.013622,0.004121,0.0,0.0,0.0
1970-01-01 00:00:00,759,0.023492,0.009982,0.002052,0.0,0.0,0.0
1970-01-01 00:00:00,760,0.024152,0.008366,0.001976,0.0,0.0,0.0
1970-01-01 00:00:00,761,0.026024,0.010035,0.002715,0.0,0.0,0.0
1970-01-01 00:00:00,762,0.023133,0.008724,0.002718,0.0,0.0,0.0
1970-01-01 00:00:00,763,0.019117,0.006724,0.001499,0.0,0.0,0.0
1970-01-01 00:00:00,764,0.025245,0.010272,0.002236,0.0,0.0,0.0
1970-01-01 00:00:00,765,0.029878,0.013567,0.003269,0.0,0.0,0.0
1970-01-01 00:00:00,766,0.031154,0.015913,0.006372,0.0,0.0,0.0
1970-01-01 00:00:00,767,0.030842,0.016012,0.006287,0.0,0.0,0.0
1970-01-01 00:00:00,768,0.034553,0.013812,0.003142,0.0,0.0,0.0
1970-01-01 00:00:00,769,0.026484,0.010156,0.002608,0.0,0.0,0.0
1970-01-01 00:00:00,770,0.027659,0.013402,0.00257,0.0,0.0,0.0
1970-01-01 00:00:00,771,0.03342,0.014259,0.002647,0.0,0.0,0.0
1970-01-01 00:00:00,772,0.029519,0.011892,0.003687,0.0,0.0,0.0
1970-01-01 00:00:00,773,0.026421,0.009653,0.00296,0.0,0.0,0.0
1970-01-01 00:00:00,774,0.021173,0.00817,0.003195,0.0,0.0,0.0
1970-01-01 00:00:00,775,0.018876,0.006833,0.002635,0.0,0.0,0.0
1970-01-01 00:00:00,776,0.018358,0.007372,0.002248,0.0,0.0,0.0
1970-01-01 00:00:00,777,0.025164,0.009834,0.002366,0.0,0.0,0.0
1970-01-01 00:00:00,778,0.048307,0.018736,0.006206,0.0,0.0,0.0
